sample,time,ECG,sample,time,ECG,sample,time,ECG
1,0.0,-0.8002381167675336,1,0.0,-0.2568783486926338,1,0.0,0.15976317746232516
2,0.02,-0.4635652474242917,2,0.02,0.09023495624543858,2,0.02,0.13181492605326423
3,0.04,-0.4905344222571453,3,0.04,-0.0787969779712849,3,0.04,-0.061530219291055316
4,0.06,0.016608648522199624,4,0.06,0.04213379200577751,4,0.06,0.04950308095849205
5,0.08,-0.7671283952041386,5,0.08,-0.12864618636196154,5,0.08,-0.08584693484018857
6,0.1,-2.9467567037920617,6,0.1,-0.1110763544020532,6,0.1,0.2110293596252061
7,0.12,1.947479467905305,7,0.12,-0.23433761542157222,7,0.12,-0.09190893330439594
8,0.14,0.1266853138858189,8,0.14,-0.15795762389025284,8,0.14,-0.105639664872451
9,0.16,0.20986695613582904,9,0.16,-0.253879575886759,9,0.16,-0.38204159056720594
10,0.18,0.3645588882707681,10,0.18,-0.2204748159629576,10,0.18,0.16341953446825597
11,0.2,0.33764461316185557,11,0.2,-0.3271132817246956,11,0.2,-0.2904096944734483
12,0.22,0.6764984750121482,12,0.22,-0.34354768218457943,12,0.22,-1.4257420535966543
13,0.24,0.5504802514114048,13,0.24,-0.37999364604604563,13,0.24,-0.03440122443044573
14,0.26,0.8285731411285666,14,0.26,-0.30052409578760353,14,0.26,-0.06808365101258967
15,0.28,0.6219052323284513,15,0.28,-0.2930763713590837,15,0.28,0.05322926023500734
16,0.3,0.5224794842778758,16,0.3,0.082442650795758,16,0.3,0.02913322929086449
17,0.32,0.10793685838987215,17,0.32,-0.1904770078555565,17,0.32,0.09366363864625984
18,0.34,0.15602541164846434,18,0.34,-0.46404623616195845,18,0.34,0.09706908928648587
19,0.36,-0.5499197820937612,19,0.36,-0.09132511760712798,19,0.36,0.07562968466269486
20,0.38,-0.008569242426780732,20,0.38,-0.7869175003149754,20,0.38,0.08751668748274816
21,0.4,-0.8439410183085088,21,0.4,2.372824328920027,21,0.4,0.0288983488481119
22,0.42,0.21877991591771725,22,0.42,0.5111519852496922,22,0.42,0.005217678128238315
23,0.44,-0.5196644234133443,23,0.44,0.0093039034426529,23,0.44,-0.11156078402955233
24,0.46,0.7571210680792212,24,0.46,0.3943384950315128,24,0.46,0.010419783438205349
25,0.48,-2.4161439902451014,25,0.48,0.29296914772629207,25,0.48,-0.08137139985498304
26,0.5,-1.1054456881236348,26,0.5,0.35665744137656274,26,0.5,0.21622153363032728
27,0.52,2.037373578475571,27,0.52,0.0784453752794152,27,0.52,-0.044664624391394805
28,0.54,-0.13767064592542919,28,0.54,0.14164784579604436,28,0.54,0.0016038066699837648
29,0.56,1.0350321592531742,29,0.56,-0.011484632035361264,29,0.56,-0.23230329358893168
30,0.58,0.3970490537209192,30,0.58,0.05046417655566235,30,0.58,0.33332321044675495
31,0.6,1.0780417483344673,31,0.6,-0.09641084561263331,31,0.6,-0.23948877864825327
32,0.62,0.7528335661905996,32,0.62,-0.06176753812184414,32,0.62,-1.3108454318013274
33,0.64,1.2302625122508497,33,0.64,-0.19337243497662499,33,0.64,0.2011224470630461
34,0.66,0.6920172241629623,34,0.66,-0.15394685966653393,34,0.66,0.06442616606044119
35,0.68,0.7062034374846586,35,0.68,-0.2355474492969797,35,0.68,0.25294557446047733
36,0.7000000000000001,0.25546144755926237,36,0.7000000000000001,-0.11939234177172835,36,0.7000000000000001,0.1830897952057441
37,0.72,0.15408130894993435,37,0.72,0.08350059820271376,37,0.72,0.2836450447880721
38,0.74,-0.4458726650178251,38,0.74,0.02195984028520158,38,0.74,0.23583007539551334
39,0.76,-0.23360787340479605,39,0.76,-0.5481378277583365,39,0.76,0.25829686564265025
40,0.78,-0.48279657998255243,40,0.78,-0.008212594318801269,40,0.78,0.23891594390935697
41,0.8,-0.45025640683905793,41,0.8,-0.91074538713263,41,0.8,0.19378394269462318
42,0.8200000000000001,-0.10992539533574262,42,0.8200000000000001,1.7606191062859984,42,0.8200000000000001,0.13449773358938943
43,0.84,-0.11407882212726699,43,0.84,0.487772843237058,43,0.84,0.059917904780574294
44,0.86,-0.31494788946081276,44,0.86,-0.18416241934463387,44,0.86,0.15961861055877868
45,0.88,-3.5184016105641853,45,0.88,0.22013895578001488,45,0.88,0.11581736624252217
46,0.9,1.1434274264675015,46,0.9,-0.02300768750322813,46,0.9,0.3971240198203558
47,0.92,0.44796637373760095,47,0.92,0.11177592323608548,47,0.92,0.08902965921995891
48,0.9400000000000001,0.1001398598393737,48,0.9400000000000001,-0.14519553975606006,48,0.9400000000000001,0.12056244560038525
49,0.96,0.35474067453088853,49,0.96,-0.062070043295900566,49,0.96,-0.14441616201913318
50,0.98,0.31861377022196874,50,0.98,-0.21228134253826467,50,0.98,0.5361542313514702
51,1.0,0.6549294451090711,51,1.0,-0.1034102626859052,51,1.0,-0.24400269636943053
52,1.02,0.43836134004015476,52,1.02,-0.25855639098122146,52,1.02,-1.0912082764550959
53,1.04,0.7415585794552862,53,1.04,-0.14016044781165327,53,1.04,0.3549178079506552
54,1.06,0.47408315991245387,54,1.06,-0.35076718589709055,54,1.06,0.13501052252910725
55,1.08,0.23343627035124495,55,1.08,-0.27712469662067446,55,1.08,0.44091973753564206
56,1.1,-0.2772746472908975,56,1.1,-0.39486370691896844,56,1.1,0.3489080667045656
57,1.12,-0.2614959861654726,57,1.12,-0.19397592393225344,57,1.12,0.5379881201421312
58,1.1400000000000001,-0.6511907987512164,58,1.1400000000000001,-0.07514213380944657,58,1.1400000000000001,0.46901349210265936
59,1.16,-0.09818820374127644,59,1.16,0.2500006236236528,59,1.16,0.5453994742812136
60,1.18,-0.6989347967189633,60,1.18,-0.6351712280658887,60,1.18,0.49004725630025253
61,1.2,0.17439192324742422,61,1.2,0.21995627607692206,61,1.2,0.4954503599174896
62,1.22,-0.4187860053843629,62,1.22,-0.9732469919917022,62,1.22,0.37860382941937737
63,1.24,0.592314330626804,63,1.24,1.5547457212282905,63,1.24,0.3771914175037302
64,1.26,-2.058158780015889,64,1.26,1.824729338961241,64,1.26,0.5520366541228061
65,1.28,-1.833592840733179,65,1.28,-0.3737959858574607,65,1.28,0.6809770043010736
66,1.3,2.0962312601700517,66,1.3,0.5210695540024739,66,1.3,1.0160576396921084
67,1.32,-0.1864298460629848,67,1.32,-0.07026544401548028,67,1.32,0.7605153587294082
68,1.34,0.9962374851032253,68,1.34,0.4141183766701702,68,1.34,0.8357582863858192
69,1.36,0.2521577895122185,69,1.36,-0.09394244005566141,69,1.36,0.5721242321881016
70,1.3800000000000001,0.9400198761247774,70,1.3800000000000001,0.22930355332865202,70,1.3800000000000001,1.3112361059876492
71,1.4000000000000001,0.6308470204987243,71,1.4000000000000001,-0.17255107714418352,71,1.4000000000000001,0.031041499406261577
72,1.42,1.2255149874992788,72,1.42,0.13018610268503727,72,1.42,-0.5141818508755672
73,1.44,0.5761932143315476,73,1.44,-0.22369483688555136,73,1.44,0.9681217438466334
74,1.46,0.7464823399419389,74,1.46,0.10186249599898531,74,1.46,0.5501502115040303
75,1.48,0.09091605608641445,75,1.48,-0.1709089615664763,75,1.48,0.9049222344701061
76,1.5,0.12586636619188998,76,1.5,-0.02601645973016877,76,1.5,0.6416660209952205
77,1.52,-0.49036870808818284,77,1.52,-0.31875562774922706,77,1.52,0.7809191291084697
78,1.54,-0.3084317328181934,78,1.54,-0.02104410958210824,78,1.54,0.4642699414127717
79,1.56,-0.6168897283883531,79,1.56,-0.15736936598929724,79,1.56,0.5214938203494892
80,1.58,-0.5916753967744645,80,1.58,0.4845330128219283,80,1.58,0.33143518118909693
81,1.6,-0.2594760589377029,81,1.6,-0.5002672612137911,81,1.6,0.3885384505020225
82,1.62,-0.2960574817892161,82,1.62,0.22663617237115716,82,1.62,0.22859872933068562
83,1.6400000000000001,-0.12410890658010665,83,1.6400000000000001,-0.7196807955791692,83,1.6400000000000001,0.37603779568163725
84,1.6600000000000001,-3.527116189465977,84,1.6600000000000001,0.613310977741693,84,1.6600000000000001,0.34997523836197153
85,1.68,0.5078106138329759,85,1.68,1.967929025850568,85,1.68,0.507879484978603
86,1.7,0.8642282436241512,86,1.7,-0.22447678068855498,86,1.7,0.5456862164694808
87,1.72,-0.22936486576857776,87,1.72,0.49634201554619967,87,1.72,0.2719347336075233
88,1.74,0.7206980562834386,88,1.74,0.09578525846955611,88,1.74,0.2188500019392931
89,1.76,-0.017675757960342948,89,1.76,0.33158318484475297,89,1.76,0.13424122803554325
90,1.78,0.6990381805646608,90,1.78,0.03026263499394547,90,1.78,0.7218068771972214
91,1.8,0.24245925432371154,91,1.8,0.09772664973317127,91,1.8,-0.8014640179962955
92,1.82,0.9372033211486326,92,1.82,-0.09855179422146432,92,1.82,-0.44518839680715433
93,1.84,0.1980316453134408,93,1.84,0.015603475597809023,93,1.84,0.4163448347850539
94,1.86,0.5095879973292043,94,1.86,-0.13710538565375632,94,1.86,-0.12295908226393414
95,1.8800000000000001,-0.23330661859765295,95,1.8800000000000001,-0.11469040222530057,95,1.8800000000000001,-0.0037148967091029496
96,1.9000000000000001,0.0560344393486343,96,1.9000000000000001,-0.2995064631880138,96,1.9000000000000001,-0.20316884635224264
97,1.92,-0.7097883922703272,97,1.92,-0.3412976546580603,97,1.92,0.07027117658685218
98,1.94,-0.08164712690828436,98,1.94,-0.44891714814943123,98,1.94,-0.0700494176902725
99,1.96,-0.950081376337252,99,1.96,-0.30051172091944706,99,1.96,0.2657004284983751
100,1.98,-0.021658735864481794,100,1.98,-0.2935547309783813,100,1.98,0.24116353981692204
101,2.0,-0.5254671755514516,101,2.0,0.18654577604585393,101,2.0,0.3710820546481002
102,2.02,0.44572009306399507,102,2.02,-0.41368015746383446,102,2.02,0.066031985532643
103,2.04,-1.3536132691878202,103,2.04,-0.29625739154749914,103,2.04,0.13941429339761718
104,2.06,-2.7246833866922198,104,2.06,-0.42530022591167815,104,2.06,-0.04999551872651899
105,2.08,1.9174129390087746,105,2.08,-0.5515427276522576,105,2.08,0.1490942613329281
106,2.1,0.1706628428576962,106,2.1,2.4893994734503733,106,2.1,-0.04395748231214075
107,2.12,0.6026576241422157,107,2.12,-0.09486414304991941,107,2.12,-0.20328631444742115
108,2.14,0.5179354152946472,108,2.14,0.08359275631561126,108,2.14,-0.28712287389458324
109,2.16,0.6129070396088194,109,2.16,0.03382831335662185,109,2.16,0.08565564732724423
110,2.18,0.8632949478700842,110,2.18,0.12868274845228736,110,2.18,0.26772119745293066
111,2.2,0.8761708122013471,111,2.2,0.07637715156262005,111,2.2,-1.3662580223150402
112,2.22,0.9385622039501025,112,2.22,0.10184092371803011,112,2.22,-0.3142563416107717
113,2.24,0.44651717219027676,113,2.24,0.00817131584109918,113,2.24,0.0027751337185879478
114,2.2600000000000002,0.4602088496262162,114,2.2600000000000002,0.0644079133668881,114,2.2600000000000002,-0.2120750646680103
115,2.2800000000000002,-0.12186552358408931,115,2.2800000000000002,-0.11740583127527611,115,2.2800000000000002,-0.1133499633322615
116,2.3000000000000003,-0.0970034043244834,116,2.3000000000000003,-0.004506412040739437,116,2.3000000000000003,-0.23333542686845873
117,2.32,-0.6568683036308255,117,2.32,-0.05064576036425102,117,2.32,-0.03754280123369953
118,2.34,-0.2478096027321522,118,2.34,-0.14574991843562637,118,2.34,-0.12546625684291707
119,2.36,-1.074640055486161,119,2.36,-0.2760678375748526,119,2.36,0.014280659152136426
120,2.38,-0.015018850973504642,120,2.38,-0.2972049038487532,120,2.38,-0.20401470301768654
121,2.4,-0.7829002573045555,121,2.4,-0.28449357591445645,121,2.4,-0.27589074672432645
122,2.42,0.5565992022189512,122,2.42,0.06382356043560024,122,2.42,-0.5608116724585166
123,2.44,-2.836142588867948,123,2.44,-0.36191433456638,123,2.44,-0.4406816775834929
124,2.46,-1.293259919739348,124,2.46,-0.6137009008540939,124,2.46,-0.5554042593734614
125,2.48,1.6336540043019143,125,2.48,-0.39053155015617663,125,2.48,-0.16725271577686182
126,2.5,-0.3894983409986321,126,2.5,-1.10090407653444,126,2.5,-0.37249499468842723
127,2.52,0.58892816480677,127,2.52,1.6298460428788057,127,2.52,-0.2683847070523776
128,2.54,-0.02721632488242097,128,2.54,0.08941481792584718,128,2.54,-0.4709766728753659
129,2.56,0.5746489210397571,129,2.56,-0.23804358566522435,129,2.56,0.02409504323015123
130,2.58,0.33293217804085057,130,2.58,0.006570505026586819,130,2.58,-0.33966872291712996
131,2.6,0.7038470706214158,131,2.6,-0.13957091103232763,131,2.6,-1.4842007455622095
132,2.62,0.4461964794383382,132,2.62,-0.06276271823152074,132,2.62,-0.193785654309465
133,2.64,0.38684042943707286,133,2.64,-0.2686234672147237,133,2.64,-0.15805646990023353
134,2.66,0.03147075111853769,134,2.66,-0.20751412404856867,134,2.66,0.00978374698300154
135,2.68,-0.061643086514238825,135,2.68,-0.31699541863294384,135,2.68,0.08660102884059578
136,2.7,-0.4068348998215921,136,2.7,-0.22456939999652625,136,2.7,0.17765875928685826
137,2.72,-0.5529372506624805,137,2.72,-0.3567782739151201,137,2.72,0.1816731141235738
138,2.74,-0.5198661338950815,138,2.74,-0.30005665025725964,138,2.74,0.09025351511123272
139,2.7600000000000002,-0.7925420996951638,139,2.7600000000000002,-0.45452407247055915,139,2.7600000000000002,0.029076797142996113
140,2.7800000000000002,0.01802165644147963,140,2.7800000000000002,-0.3717773530953228,140,2.7800000000000002,-0.11555487916963268
141,2.8000000000000003,-0.42986176319513636,141,2.8000000000000003,-0.3918148210847036,141,2.8000000000000003,-0.2003171161456183
142,2.82,0.27642319389137204,142,2.82,-0.2604352323860059,142,2.82,-0.32614691047107763
143,2.84,-3.2598645082677833,143,2.84,-0.007911005015630024,143,2.84,-0.23918894469938745
144,2.86,0.4288565491567695,144,2.86,-0.10049267656719466,144,2.86,-0.2312581424296552
145,2.88,1.1323824402633327,145,2.88,-0.6406100332490522,145,2.88,0.059709532215270325
146,2.9,-0.15482757959943275,146,2.9,-0.009366622562905274,146,2.9,-0.2771249430228954
147,2.92,0.7296736379501427,147,2.92,-1.0259816519798197,147,2.92,-0.16491684754815925
148,2.94,0.2447845692505417,148,2.94,2.01337384193904,148,2.94,-0.3699386035448221
149,2.96,0.8401588731648179,149,2.96,0.77952384466806,149,2.96,0.38734423417451647
150,2.98,0.5320496388157178,150,2.98,-0.12831258895568753,150,2.98,-1.082123321785159
151,3.0,1.0904697336886462,151,3.0,0.40371903082255006,151,3.0,-0.896992158322135
152,3.02,0.5959504804813771,152,3.02,0.1369768963191957,152,3.02,0.21136409863061315
153,3.04,0.7638501003749218,153,3.04,0.40364114289360764,153,3.04,-0.0815131222664745
154,3.06,0.14470972935403123,154,3.06,0.1260482700861148,154,3.06,0.15525110341864579
155,3.08,0.28012001211469967,155,3.08,0.3089200289031271,155,3.08,-0.008425419656350635
156,3.1,-0.3452673710958835,156,3.1,0.12110947052798948,156,3.1,0.10511180328174008
157,3.12,-0.14492786294183801,157,3.12,0.2516008940276702,157,3.12,-0.05261957168345018
158,3.14,-0.8139856093711856,158,3.14,0.05321765691592398,158,3.14,0.007821126589050703
159,3.16,-0.3183150049762136,159,3.16,0.2127740752741387,159,3.16,-0.10866981096599877
160,3.18,-0.2836468393848271,160,3.18,0.0005103091380432752,160,3.18,-0.07018420325186253
161,3.2,0.11327579723542526,161,3.2,0.1253970382986073,161,3.2,-0.2357265537291994
162,3.22,-0.7277799650538866,162,3.22,0.044244567775250924,162,3.22,-0.09952761394619619
163,3.24,-3.218447207388105,163,3.24,0.13554464923959655,163,3.24,-0.15036285922193598
164,3.2600000000000002,1.5516006908967659,164,3.2600000000000002,0.30717647688024363,164,3.2600000000000002,0.11085785500981897
165,3.2800000000000002,0.28641618248549816,165,3.2800000000000002,0.4308621953813613,165,3.2800000000000002,-0.04588441129328692
166,3.3000000000000003,0.2825492106391406,166,3.3000000000000003,-0.38814822598332904,166,3.3000000000000003,-0.18191739591769968
167,3.3200000000000003,0.3371727457833977,167,3.3200000000000003,0.35302568441329873,167,3.3200000000000003,-0.36993098788600476
168,3.34,0.3386160235932218,168,3.34,-0.8589602789921271,168,3.34,-0.05264338431764305
169,3.36,0.5542154543037295,169,3.36,1.7785845895349839,169,3.36,-0.12678291933980085
170,3.38,0.5394887840538766,170,3.38,1.183474029307602,170,3.38,-1.6010989668620486
171,3.4,0.6966681048857967,171,3.4,-0.13619685618532004,171,3.4,-0.19288732790829516
172,3.42,0.34142921330246645,172,3.42,0.5633431965287018,172,3.42,-0.09218426018891189
173,3.44,0.258157093898274,173,3.44,0.15105621111945228,173,3.44,-0.01881656611611554
174,3.46,-0.2692154158204554,174,3.46,0.442005553219806,174,3.46,-0.037936689979583466
175,3.48,-0.26517677244426885,175,3.48,0.03373993646814784,175,3.48,0.020284098992332803
176,3.5,-0.7010198628032595,176,3.5,0.2177725384867371,176,3.5,0.01768698503405261
177,3.52,-0.3117920087445746,177,3.52,0.020225909412823137,177,3.52,0.03536973703021045
178,3.54,-0.9347330476570708,178,3.54,0.10982364357275133,178,3.54,0.012040936265700531
179,3.56,0.022361020680645896,179,3.56,-0.1283130469733414,179,3.56,-0.039708597043564324
180,3.58,-0.56639569165458,180,3.58,0.013735582935254943,180,3.58,-0.15289726485813163
181,3.6,0.5024117700481217,181,3.6,-0.2317797401038849,181,3.6,-0.1961171565564708
182,3.62,-2.167935951189968,182,3.62,-0.15993939203491933,182,3.62,-0.13180242979525644
183,3.64,-1.6995988899339856,183,3.64,-0.35632896752121307,183,3.64,-0.06717674761593675
184,3.66,1.9826891069883703,184,3.66,-0.21374562801872346,184,3.66,0.10602958386646623
185,3.68,-0.3656177974722804,185,3.68,0.01687137227784095,185,3.68,-0.2004672850800165
186,3.7,0.7909093236365746,186,3.7,0.09982322517279452,186,3.7,-0.17807851049820955
187,3.72,0.1191128621636485,187,3.72,-0.6346596743786188,187,3.72,-0.3248528243393609
188,3.74,0.8476739738829887,188,3.74,0.0949989521664835,188,3.74,0.3321246242406785
189,3.7600000000000002,0.5283640310439438,189,3.7600000000000002,-1.1181323969139911,189,3.7600000000000002,-1.2221177765382312
190,3.7800000000000002,1.067578387352033,190,3.7800000000000002,1.6722609800819253,190,3.7800000000000002,-0.828933359754153
191,3.8000000000000003,0.7393172402641774,191,3.8000000000000003,0.855023939749893,191,3.8000000000000003,0.2015731480817935
192,3.8200000000000003,0.7993789403863578,192,3.8200000000000003,-0.3288529856403086,192,3.8200000000000003,-0.08382176653042862
193,3.84,0.43124540315472215,193,3.84,0.30819260486094424,193,3.84,0.21808154610327546
194,3.86,0.2899360403915015,194,3.86,-0.04912469865564048,194,3.86,0.06350895618398836
195,3.88,-0.0746408474101398,195,3.88,0.24266503910520693,195,3.88,0.2741667537292524
196,3.9,-0.2620728585986091,196,3.9,-0.05378284974614484,196,3.9,0.105300628049889
197,3.92,-0.4153745963780652,197,3.92,0.1623084808670318,197,3.92,0.23418931946053517
198,3.94,-0.6656215461122799,198,3.94,-0.02732819663558891,198,3.94,0.05445647085005143
199,3.96,-0.06346666686207506,199,3.96,0.13160870256653967,199,3.96,0.12938906530885463
200,3.98,-0.38034095628203896,200,3.98,-0.07512793312916542,200,3.98,-0.12571445397957462
201,4.0,0.38895195109406366,201,4.0,0.10828665584205555,201,4.0,0.08724085172832634
202,4.0200000000000005,-3.1304642680002703,202,4.0200000000000005,-0.13498350282204483,202,4.0200000000000005,-0.02360197251117125
203,4.04,-0.15554826819392759,203,4.04,-0.0027580874565292387,203,4.04,0.36641205626687706
204,4.0600000000000005,1.4434787779009735,204,4.0600000000000005,-0.08799984929867014,204,4.0600000000000005,0.009498388686752337
205,4.08,-0.35171473263281444,205,4.08,0.12082461798266465,205,4.08,0.059474820457813174
206,4.1,0.7234739505956266,206,4.1,0.26279229750578736,206,4.1,-0.2773304650039995
207,4.12,-0.055715205258615536,207,4.12,0.39216553046511077,207,4.12,0.4153294689621679
208,4.14,0.8017961270657986,208,4.14,-0.41207139183308616,208,4.14,-0.4740889162189912
209,4.16,0.21074042028782208,209,4.16,0.3969613237587696,209,4.16,-1.3316200449969322
210,4.18,0.9096667515704702,210,4.18,-0.8713184013646528,210,4.18,0.08842085729484984
211,4.2,0.22384735475030226,211,4.2,2.176987511870876,211,4.2,-0.19814295187882616
212,4.22,0.5417256322701237,212,4.22,1.3618787000413812,212,4.22,-0.006922092974981965
213,4.24,-0.29682146012298005,213,4.24,-0.12677548166856678,213,4.24,-0.16017440189997503
214,4.26,-0.020043629995954132,214,4.26,0.5653699594772715,214,4.26,-0.004766589628325388
215,4.28,-0.8080690056877915,215,4.28,0.050116333402099165,215,4.28,-0.1320273152619633
216,4.3,-0.029617792696220526,216,4.3,0.3537726738819005,216,4.3,-0.014701470752296946
217,4.32,-0.7307922093914085,217,4.32,-0.05583146495936905,217,4.32,-0.11499971548775259
218,4.34,-0.3549587405178587,218,4.34,0.16874867814079425,218,4.34,-0.071362303587422
219,4.36,-0.3621477533080972,219,4.36,-0.017594566558839158,219,4.36,-0.23959362242823123
220,4.38,0.09712519090691774,220,4.38,0.009563110531078417,220,4.38,-0.12371569612636092
221,4.4,-0.5783250961664258,221,4.4,-0.20359339627092454,221,4.4,-0.1610267975981276
222,4.42,-3.0714278562342034,222,4.42,-0.04309423349364591,222,4.42,0.12557416325374454
223,4.44,1.5584332563881846,223,4.44,-0.1410565672149688,223,4.44,-0.04374617282627166
224,4.46,0.5555688650059005,224,4.46,-0.17012260360332088,224,4.46,-0.11144705623238504
225,4.48,0.13435544086544954,225,4.48,-0.3807211073615788,225,4.48,-0.2786530395119494
226,4.5,0.64611109204726,226,4.5,-0.18927827052262014,226,4.5,0.12802939320430387
227,4.5200000000000005,0.2972666430480655,227,4.5200000000000005,0.06401035627742745,227,4.5200000000000005,-0.026716433583367883
228,4.54,0.9399232619706894,228,4.54,-0.22536021356751615,228,4.54,-1.470747460333547
229,4.5600000000000005,0.6354836464308674,229,4.5600000000000005,-0.6166420978700816,229,4.5600000000000005,0.04663779909342529
230,4.58,1.1477340601252648,230,4.58,-0.1831803358038121,230,4.58,0.04767387849974074
231,4.6000000000000005,0.5297135834638476,231,4.6000000000000005,-1.0154778562291193,231,4.6000000000000005,0.19822341389019552
232,4.62,0.8035722941234773,232,4.62,1.7859492033089526,232,4.62,0.1316055333241746
233,4.64,-0.050801952594103486,233,4.64,0.18084126745845353,233,4.64,0.26175057691858317
234,4.66,0.31279437956526474,234,4.66,-0.13196188997952588,234,4.66,0.177522868852796
235,4.68,-0.4328970357454623,235,4.68,0.07217408676526259,235,4.68,0.23408198295013086
236,4.7,-0.004205382677108285,236,4.7,-0.021406073596374746,236,4.7,0.12454736791956592
237,4.72,-1.1057746894924214,237,4.72,0.020386622726053214,237,4.72,0.15349918108527724
238,4.74,0.016219040029496527,238,4.74,-0.0759410296570409,238,4.74,-0.014581399986997217
239,4.76,-0.7123440590328269,239,4.76,-0.057983765686820246,239,4.76,0.029782374833209623
240,4.78,0.5458690041008849,240,4.78,-0.10501856410628407,240,4.78,-0.029303667955059287
241,4.8,-1.9717054142892467,241,4.8,-0.0791512011991103,241,4.8,0.1740170873420884
242,4.82,-2.3416223449865927,242,4.82,-0.13920253453340073,242,4.82,0.09317075522862009
243,4.84,1.7564619643622388,243,4.84,-0.14173055470984514,243,4.84,-0.12603733297560607
244,4.86,-0.23577390993682845,244,4.86,-0.223532174553804,244,4.86,-0.2786737452064079
245,4.88,0.37223012598215915,245,4.88,-0.18169251483550575,245,4.88,-0.12488286535555335
246,4.9,0.25508213874624247,246,4.9,-0.15004547197461865,246,4.9,0.03882161592655438
247,4.92,0.3517407300751524,247,4.92,-0.03995624254151406,247,4.92,-1.5322841221039667
248,4.94,0.5053195303682418,248,4.94,0.3765825799199134,248,4.94,-0.341726795457709
249,4.96,0.5702576725227261,249,4.96,0.047293012134018465,249,4.96,-0.04640816318490157
250,4.98,0.7385130950121701,250,4.98,-0.26819134956289614,250,4.98,-0.029014066172300797
251,5.0,0.29186528516525606,251,5.0,0.0957833683601558,251,5.0,0.04142362037424011
252,5.0200000000000005,0.3746035661667746,252,5.0200000000000005,-0.6244116189700306,252,5.0200000000000005,0.07090687181978807
253,5.04,-0.18305540696297276,253,5.04,2.530069692018916,253,5.04,0.12324047400738466
254,5.0600000000000005,-0.06424760727311642,254,5.0600000000000005,0.5690511098834558,254,5.0600000000000005,0.09837741331266882
255,5.08,-0.6610471933621618,255,5.08,0.1360587513570443,255,5.08,0.11333302969430797
256,5.1000000000000005,-0.11102571513952052,256,5.1000000000000005,0.42066724433241703,256,5.1000000000000005,0.06565103756250194
257,5.12,-1.0280231969161302,257,5.12,0.27684619348783746,257,5.12,-0.002378527215241671
258,5.14,0.20879948321577324,258,5.14,0.39586228619339425,258,5.14,-0.049188893909406076
259,5.16,-0.680535159382542,259,5.16,0.24731334267630914,259,5.16,0.009759615782705953
260,5.18,0.6986628164622999,260,5.18,0.33550699325606675,260,5.18,0.14400259669785417
261,5.2,-3.0789296657823533,261,5.2,0.2308155397839322,261,5.2,0.23148858179196657
262,5.22,-0.6660998422420689,262,5.22,0.2381118004177496,262,5.22,-0.050247426933993485
263,5.24,1.614481358580124,263,5.24,0.01761359496146814,263,5.24,-0.0490415701420438
264,5.26,-0.19247364405568643,264,5.26,0.004066817057333359,264,5.26,-0.028519764260065198
265,5.28,0.6952653965410912,265,5.28,-0.2433361256225061,265,5.28,0.41423786233105225
266,5.3,0.18154201159515615,266,5.3,-0.19198838083372266,266,5.3,-1.359940458518772
267,5.32,0.6575293530412492,267,5.32,-0.2853797813287421,267,5.32,-0.2496886953325364
268,5.34,0.5190489853010963,268,5.34,-0.271471095218646,268,5.34,0.1801334986897535
269,5.36,0.7260749226337834,269,5.36,0.09011879535909724,269,5.36,0.11663985919588377
270,5.38,0.5473219005454486,270,5.38,-0.3938282939339841,270,5.38,0.20339632010228847
271,5.4,0.2926029367336367,271,5.4,-0.58293435738078,271,5.4,0.20438846328464422
272,5.42,0.06479283342689406,272,5.42,-0.2469648113989642,272,5.42,0.22958141754714362
273,5.44,-0.38263810560252715,273,5.44,-0.9870736553065793,273,5.44,0.2147918046993373
274,5.46,-0.2398202572738205,274,5.46,1.8159929909587336,274,5.46,0.19376181523981414
275,5.48,-0.5706341696653294,275,5.48,0.10543027487466144,275,5.48,0.1680728475750263
276,5.5,-0.46635453916466163,276,5.5,-0.10397393973402048,276,5.5,0.09833862234313247
277,5.5200000000000005,-0.9148887834767725,277,5.5200000000000005,0.07889294239753111,277,5.5200000000000005,0.05066528663952193
278,5.54,0.03610578736042591,278,5.54,-0.05226105460960657,278,5.54,0.040941764785467176
279,5.5600000000000005,-0.6592775162807111,279,5.5600000000000005,0.0023817767978341928,279,5.5600000000000005,0.16327962153779138
280,5.58,0.5061532345813347,280,5.58,-0.133622611723117,280,5.58,0.23698019977034082
281,5.6000000000000005,-3.104757359454305,281,5.6000000000000005,-0.07571646492288735,281,5.6000000000000005,-0.022790522726807785
282,5.62,-0.10961566417157861,282,5.62,-0.13934507459508583,282,5.62,-0.06483643102723172
283,5.64,1.4590149242032167,283,5.64,-0.06203499492829594,283,5.64,-0.04142338741784597
284,5.66,-0.27499786794401554,284,5.66,-0.19176437292280074,284,5.66,0.36175259474623667
285,5.68,0.7690311333966927,285,5.68,-0.17216066656994133,285,5.68,-1.308724527765747
286,5.7,0.13657112119783696,286,5.7,-0.32885209440012314,286,5.7,-0.29567119571505646
287,5.72,0.8172927383788652,287,5.72,-0.34850135622875905,287,5.72,0.21023078274975837
288,5.74,0.4856242648965584,288,5.74,-0.43159025634725245,288,5.74,0.09693093461643763
289,5.76,0.9654733874600303,289,5.76,-0.31906772886868917,289,5.76,0.2159391671018437
290,5.78,0.6596941047814497,290,5.78,-0.17477664165488588,290,5.78,0.19827918552527624
291,5.8,0.5273066028237999,291,5.8,0.021135485002769003,291,5.8,0.27807020957481093
292,5.82,0.2719376329293539,292,5.82,-0.7405415866239976,292,5.82,0.21105007779355528
293,5.84,0.034685657766817736,293,5.84,0.010455435059055605,293,5.84,0.23209879343802536
294,5.86,-0.22843600147193271,294,5.86,-1.1337657635486764,294,5.86,0.1265031483772203
295,5.88,-0.4319679821189801,295,5.88,1.3882581114270154,295,5.88,0.07945605273547257
296,5.9,-0.4629341324791918,296,5.9,1.0774017840336094,296,5.9,-0.00420463393356917
297,5.92,-0.9387852656208933,297,5.92,-0.5183563874670785,297,5.92,0.08027113154214119
298,5.94,-0.10043437619738757,298,5.94,0.33550574527017113,298,5.94,0.17506779226025496
299,5.96,-0.6409471170340754,299,5.96,-0.12579424355865793,299,5.96,0.3538967414777806
300,5.98,0.33147122386726635,300,5.98,0.3142504841933463,300,5.98,0.029534009838137868
301,6.0,-3.3574892100359577,301,6.0,-0.07209913213510978,301,6.0,0.06162926834362653
302,6.0200000000000005,-0.020817516897648863,302,6.0200000000000005,0.2692142768822294,302,6.0200000000000005,0.004736740173436723
303,6.04,1.1589614228932192,303,6.04,-0.007546718917355092,303,6.04,0.5841901742985476
304,6.0600000000000005,-0.3716588570328005,304,6.0600000000000005,0.26451563087603935,304,6.0600000000000005,-1.2538715359509567
305,6.08,0.7433285146681434,305,6.08,-0.017116328371168322,305,6.08,-0.28204497216816804
306,6.1000000000000005,0.029359843470940297,306,6.1000000000000005,0.24809052691274538,306,6.1000000000000005,0.30794999921092814
307,6.12,0.5970925138939468,307,6.12,-0.054141951501805216,307,6.12,0.175590982481139
308,6.140000000000001,0.4564698387424873,308,6.140000000000001,0.11038650294571144,308,6.140000000000001,0.31010584566497257
309,6.16,0.7875388831958569,309,6.16,-0.11925208786252159,309,6.16,0.26499093018015546
310,6.18,0.5336487827073236,310,6.18,0.2327505499260403,310,6.18,0.2979279943082973
311,6.2,0.5830363007444143,311,6.2,0.05212942337556419,311,6.2,0.2054815822060635
312,6.22,0.19288374375958026,312,6.22,0.6581913426966043,312,6.22,0.19980607791664295
313,6.24,0.06259661404209388,313,6.24,-0.2846731507137055,313,6.24,0.1372697865594031
314,6.26,-0.316700322857124,314,6.26,0.1271179454864937,314,6.26,0.07749198646880699
315,6.28,-0.3680552090255702,315,6.28,-0.6565652782323914,315,6.28,0.017227420123268115
316,6.3,-0.5270754558779951,316,6.3,0.15450773588619413,316,6.3,0.08715053489198112
317,6.32,-0.7238480342087693,317,6.32,2.0067042322353887,317,6.32,0.18441335959249666
318,6.34,-0.04973827794816986,318,6.34,-0.3586633171617159,318,6.34,0.2988248086868903
319,6.36,-0.41482372615266483,319,6.36,0.24931293055705703,319,6.36,-0.006288493378060022
320,6.38,0.21006360707850324,320,6.38,-0.18628272781560296,320,6.38,-0.02292096903026265
321,6.4,-3.367067643992111,321,6.4,0.05013218928284428,321,6.4,-0.05288464065704866
322,6.42,0.4853876847072534,322,6.42,-0.21310923761939624,322,6.42,0.41542234458887384
323,6.44,0.9626200376042985,323,6.44,-0.09794802177256032,323,6.44,-1.2035171962037916
324,6.46,-0.2958153205059056,324,6.46,-0.2501618039002721,324,6.46,-0.31083679468693104
325,6.48,0.49900124959458036,325,6.48,-0.18293554603323325,325,6.48,0.2682680257905735
326,6.5,-0.011143716337461886,326,6.5,-0.3436456583777397,326,6.5,0.1696013690067381
327,6.5200000000000005,0.5946020454650857,327,6.5200000000000005,-0.24058562648745738,327,6.5200000000000005,0.3177186901564722
328,6.54,0.3629622030910654,328,6.54,-0.3617473188421678,328,6.54,0.2984001017382914
329,6.5600000000000005,0.757073942240994,329,6.5600000000000005,-0.37892845133097264,329,6.5600000000000005,0.3868880556941444
330,6.58,0.33961480383985004,330,6.58,-0.5500435302949678,330,6.58,0.33744089531106064
331,6.6000000000000005,0.3621631343780198,331,6.6000000000000005,-0.422532574434951,331,6.6000000000000005,0.36987838859275324
332,6.62,-0.12333480981140096,332,6.62,-0.44518585303239,332,6.62,0.2968919064700767
333,6.640000000000001,-0.21040740772106623,333,6.640000000000001,0.07429370424958548,333,6.640000000000001,0.24893637547081174
334,6.66,-0.5511141315873859,334,6.66,-0.5310552382772183,334,6.66,0.16587361111166263
335,6.68,-0.4041186684962971,335,6.68,-0.38267441064453867,335,6.68,0.25187460244350685
336,6.7,-0.5340889330260379,336,6.7,-0.5884999167338599,336,6.7,0.36282219290939755
337,6.72,-0.6470861720502254,337,6.72,-0.4694966324140941,337,6.72,0.5046796860263874
338,6.74,-0.19112008254879595,338,6.74,2.1961790560807057,338,6.74,0.17918983138577949
339,6.76,-0.34193397158803224,339,6.76,-0.22320124757352833,339,6.76,0.15795176154943938
340,6.78,0.009464858024854495,340,6.78,0.2110367207387201,340,6.78,0.15567340970703705
341,6.8,-3.2129870760609895,341,6.8,0.09278452348950962,341,6.8,0.6404571972138527
342,6.82,1.200429779103237,342,6.82,0.30678673073430807,342,6.82,-1.1794256960112965
343,6.84,0.7557830408361784,343,6.84,0.1464083392438413,343,6.84,-0.10849191088783464
344,6.86,-0.1053721426004393,344,6.86,0.1403062280132823,344,6.86,0.3667168756870191
345,6.88,0.5084225086889189,345,6.88,0.0043765201197964705,345,6.88,0.2845112454384546
346,6.9,0.15020502846752848,346,6.9,0.027058720848300206,346,6.9,0.36841967365888373
347,6.92,0.6592738330225604,347,6.92,-0.11443589175168954,347,6.92,0.32815699710935636
348,6.94,0.5256207332377018,348,6.94,-0.08613660183024514,348,6.94,0.37716759380329035
349,6.96,0.9211204129361085,349,6.96,-0.16196283487732616,349,6.96,0.3464627412876461
350,6.98,0.48097527509379945,350,6.98,-0.26268976093283686,350,6.98,0.34798199844626465
351,7.0,0.49315296444705414,351,7.0,-0.40107777133495387,351,7.0,0.2779452937144069
352,7.0200000000000005,0.2955996204404677,352,7.0200000000000005,-0.3260798103177176,352,7.0200000000000005,0.19445741757721652
353,7.04,0.5774744420815391,353,7.04,-0.34182589910874894,353,7.04,0.15489676259065702
354,7.0600000000000005,-0.2519362211199977,354,7.0600000000000005,0.06997448743181667,354,7.0600000000000005,0.19390377087032748
355,7.08,-0.4182185896966461,355,7.08,-0.33554160727643156,355,7.08,0.313423974040506
356,7.1000000000000005,-0.7245692439194791,356,7.1000000000000005,-0.50893951488036,356,7.1000000000000005,0.41139099008380164
357,7.12,-0.6171705189092587,357,7.12,-0.3275609891751034,357,7.12,0.13503606855556274
358,7.140000000000001,-0.16436509129609456,358,7.140000000000001,-0.8875555244799558,358,7.140000000000001,0.06802113072472185
359,7.16,-0.1537452590672651,359,7.16,1.919029236550883,359,7.16,0.08231784795877407
360,7.18,0.03585607071884386,360,7.18,0.17266906527799006,360,7.18,0.5308004442846718
361,7.2,-3.1751986973669593,361,7.2,-0.11603506342376912,361,7.2,-1.1487074901523913
362,7.22,0.976700763593662,362,7.22,0.1652118932587986,362,7.22,-0.18945129571137576
363,7.24,1.0235079948929564,363,7.24,0.1723452932501635,363,7.24,0.2898730305468724
364,7.26,0.026888796147020062,364,7.26,0.2553294074117397,364,7.26,0.17236832550640424
365,7.28,0.7923750342625036,365,7.28,0.016019763709232235,365,7.28,0.269017983498665
366,7.3,0.31583675416514784,366,7.3,0.15690178534715676,366,7.3,0.24698700382972422
367,7.32,0.9337848927374545,367,7.32,-0.014265069989788283,367,7.32,0.30764664245064105
368,7.34,0.6746644488102803,368,7.34,0.08784482339119916,368,7.34,0.2579331736939522
369,7.36,1.0919064371970337,369,7.36,-0.096111242617769,369,7.36,0.2629164366571213
370,7.38,0.5306379417869495,370,7.38,0.05781819097962923,370,7.38,0.18366174059627646
371,7.4,0.7318687867774538,371,7.4,-0.12722886608846018,371,7.4,0.09099785150906708
372,7.42,0.13665079966628324,372,7.42,-0.12832438378507552,372,7.42,0.02272222262892806
373,7.44,0.11223032329966345,373,7.44,-0.2362939316084971,373,7.44,0.09809586976919317
374,7.46,-0.45285711744609614,374,7.46,-0.10180125289937449,374,7.46,0.2427214405267136
375,7.48,-0.2355890746684428,375,7.48,0.030045696913503,375,7.48,0.3283536468042568
376,7.5,-0.7474236155432343,376,7.5,0.20614566566208115,376,7.5,0.03856350608494276
377,7.5200000000000005,-0.5968892795817012,377,7.5200000000000005,-0.49431155800769194,377,7.5200000000000005,-0.019827799347543643
378,7.54,-0.3761875329504784,378,7.54,0.14058332867833037,378,7.54,0.058071923311438324
379,7.5600000000000005,-0.24827721446715542,379,7.5600000000000005,-1.0330385211326425,379,7.5600000000000005,0.3760083730762598
380,7.58,-0.47500277812281655,380,7.58,1.5526247983218497,380,7.58,-1.4379430402209463
381,7.6000000000000005,-3.4315309268462637,381,7.6000000000000005,0.9756000410909109,381,7.6000000000000005,-0.18971514147250873
382,7.62,1.1524525969531356,382,7.62,-0.2860705961262936,382,7.62,0.10584815120239549
383,7.640000000000001,0.36805243170248797,383,7.640000000000001,0.3252889849408247,383,7.640000000000001,0.10520422661219299
384,7.66,-0.16535740056750012,384,7.66,-0.08509867768714865,384,7.66,0.12949604462046144
385,7.68,0.3767862804897197,385,7.68,0.14420388428036093,385,7.68,0.1605386317955094
386,7.7,0.12068245200497955,386,7.7,-0.22336563097284362,386,7.7,0.14381525380982688
387,7.72,0.723328314757067,387,7.72,-0.03138847019120243,387,7.72,0.1465924692159578
388,7.74,0.5163734715037727,388,7.74,-0.21920665215588106,388,7.74,0.07884341218539448
389,7.76,0.9687634820179649,389,7.76,-0.007629726189373164,389,7.76,0.026721201485739685
390,7.78,0.4652470316888687,390,7.78,-0.22084672190462626,390,7.78,-0.1239199629728407
391,7.8,0.5763373990036996,391,7.8,-0.10989500230389475,391,7.8,-0.12344445929040357
392,7.82,-0.06604828012144623,392,7.82,-0.3231381032713919,392,7.82,-0.12850336670428938
393,7.84,0.05878037213865098,393,7.84,-0.2524218094334891,393,7.84,0.026095140451046363
394,7.86,-0.5822541193748481,394,7.86,-0.3727998034313599,394,7.86,0.04055187021092461
395,7.88,-0.11164799998783119,395,7.88,-0.1395178972911055,395,7.88,-0.1774556748471514
396,7.9,-0.6484291540514594,396,7.9,-0.2115151222339394,396,7.9,-0.29168178443327203
397,7.92,-0.32048080341845997,397,7.92,0.38236544711253484,397,7.92,-0.1532845159452615
398,7.94,-0.5093436086910317,398,7.94,-0.3294040639700509,398,7.94,0.0666769012969721
399,7.96,-0.018469705617189434,399,7.96,0.19389586239051862,399,7.96,-1.5537550348694904
400,7.98,-0.8250152342133,400,7.98,-0.5193951618499542,400,7.98,-0.3553071847448965
401,8.0,-2.7042514322538116,401,8.0,0.17063788845751507,401,8.0,-0.04112991326770642
402,8.02,1.9110255873177715,402,8.02,2.366504886906587,402,8.02,-0.045309322618549676
403,8.040000000000001,-0.01969235065465408,403,8.040000000000001,-0.29717018759699465,403,8.040000000000001,-0.004010024439703657
404,8.06,0.21048788131498636,404,8.06,0.3217509614221364,404,8.06,0.025145306275846494
405,8.08,0.253201839558301,405,8.08,-0.05365041501628114,405,8.08,0.06278344577578042
406,8.1,0.1827553982702386,406,8.1,0.24366696808225036,406,8.1,0.06907148105090435
407,8.120000000000001,0.5322260232397089,407,8.120000000000001,-0.044968427626716975,407,8.120000000000001,0.05417931830961855
408,8.14,0.4195010223017745,408,8.14,0.20894948365561267,408,8.14,0.026623222557328012
409,8.16,0.6850394548869164,409,8.16,-0.044129403743206834,409,8.16,-0.08373613919034098
410,8.18,0.40790725898859365,410,8.18,0.09427608716925681,410,8.18,-0.10533995450551445
411,8.2,0.5118399346623844,411,8.2,-0.0891015628670811,411,8.2,-0.05246935744119785
412,8.22,0.0390208374557461,412,8.22,0.042482947387133825,412,8.22,0.10669143680083557
413,8.24,0.17228611409550795,413,8.24,-0.09972715705337838,413,8.24,0.1993785092199564
414,8.26,-0.828182287104814,414,8.26,-0.08142937559960373,414,8.26,-0.04827278995997902
415,8.28,-0.604421757108649,415,8.28,-0.25705959627828795,415,8.28,-0.10509221755928919
416,8.3,-1.2166865875408992,416,8.3,-0.11744464113873104,416,8.3,0.003944935587000454
417,8.32,-0.38064409879907624,417,8.32,-0.3669655946608057,417,8.32,0.3489284358932884
418,8.34,-0.8446880880078822,418,8.34,0.27785068660009493,418,8.34,-1.4093402568037885
419,8.36,0.22823611520823553,419,8.36,-0.31907033091828957,419,8.36,-0.16773653319460066
420,8.38,-1.8032903894696457,420,8.38,-0.30237221307175366,420,8.38,0.18292876029175004
421,8.4,-1.9536113728152016,421,8.4,-0.32838329517225184,421,8.4,0.16713238156642649
422,8.42,1.8614784830892905,422,8.42,-0.6943912959239532,422,8.42,0.1993406057215486
423,8.44,-0.33788963689236984,423,8.44,1.9752910358094495,423,8.44,0.185735649723632
424,8.46,0.5618768529617453,424,8.46,0.2456646486569118,424,8.46,0.20469794579819933
425,8.48,0.2146331300871059,425,8.48,0.1129177596096851,425,8.48,0.17275494858060358
426,8.5,0.6147588091919665,426,8.5,0.2705583459755192,426,8.5,0.1644297520997382
427,8.52,0.6327129876035616,427,8.52,0.1141757063844394,427,8.52,0.11267377083513733
428,8.540000000000001,1.0949771771803756,428,8.540000000000001,0.14199213457898674,428,8.540000000000001,0.016253728067919828
429,8.56,0.6701901737662004,429,8.56,-0.07494680915864069,429,8.56,-0.05887131966396611
430,8.58,0.6666015000556982,430,8.58,-0.019203658260692445,430,8.58,-0.06199119407854566
431,8.6,0.6333273050582486,431,8.6,-0.1538212966328337,431,8.6,-0.03255215239568299
432,8.620000000000001,0.8128024814222139,432,8.620000000000001,-0.035044901128339856,432,8.620000000000001,0.09824499719008856
433,8.64,0.1645605067604027,433,8.64,-0.223392004359417,433,8.64,-0.18663245238976972
434,8.66,-0.6152027976160789,434,8.66,-0.09408982662700452,434,8.66,-0.20810228809652245
435,8.68,-0.27957983759098487,435,8.68,-0.33383770629620385,435,8.68,-0.30744721785741536
436,8.700000000000001,-0.9130346888902342,436,8.700000000000001,-0.28388519192359585,436,8.700000000000001,0.251489563837842
437,8.72,-0.10524565262267661,437,8.72,-0.4883600628345443,437,8.72,-1.3378678967529656
438,8.74,-0.3858982052459964,438,8.74,-0.2940569400919931,438,8.74,-0.7104882755947254
439,8.76,0.4165987087810227,439,8.76,-0.35517881450258626,439,8.76,0.1467868444141582
440,8.78,-2.0797941666531385,440,8.78,0.13061068927821134,440,8.78,-0.08277860718932376
441,8.8,-2.229981704004021,441,8.8,-0.7926768284114236,441,8.8,0.17727365555271568
442,8.82,1.5695398415948552,442,8.82,0.00965379423964787,442,8.82,0.056527508801580285
443,8.84,-0.7961174615862778,443,8.84,-1.157441079432268,443,8.84,0.2375527511349521
444,8.86,0.6303487797550368,444,8.86,1.0151870086516672,444,8.86,0.08200260007864152
445,8.88,0.031155506196610987,445,8.88,1.5249219618395549,445,8.88,0.1814932609786312
446,8.9,0.8919852588108521,446,8.9,-0.5575534355953091,446,8.9,-0.0034685364264418427
447,8.92,0.6900899995989932,447,8.92,0.3549697599396867,447,8.92,0.06691593358406082
448,8.94,1.135189069710566,448,8.94,-0.14392268414544943,448,8.94,-0.13901676348043002
449,8.96,0.8738045140810292,449,8.96,0.2916244473651505,449,8.96,0.05573858584183459
450,8.98,0.7249365395741476,450,8.98,-0.06563214117041079,450,8.98,-0.05108914629081663
451,9.0,0.1614994254490966,451,9.0,0.19154151725947743,451,9.0,0.3164370138131018
452,9.02,0.0034479807162300855,452,9.02,-0.02853019096917334,452,9.02,-0.08055955871783818
453,9.040000000000001,-0.42211586042334087,453,9.040000000000001,0.19847694944231878,453,9.040000000000001,-0.013337108837331193
454,9.06,-0.35996426409168875,454,9.06,-0.026538304344799854,454,9.06,-0.38128377610365455
455,9.08,-0.8659105226364557,455,9.08,0.17576326552595192,455,9.08,0.40695035207507574
456,9.1,-0.7708082090997446,456,9.1,-0.038918515088433164,456,9.1,-0.8920313169728046
457,9.120000000000001,-0.1878747556216081,457,9.120000000000001,0.02394512046513604,457,9.120000000000001,-1.1448730049213636
458,9.14,-0.6269961719031775,458,9.14,-0.1563609193201816,458,9.14,0.12587596660886205
459,9.16,-0.6467882052219214,459,9.16,0.08939677922796174,459,9.16,-0.1382536351926181
460,9.18,-4.148872946251096,460,9.18,-0.03617118334846921,460,9.18,0.10206891722835063
461,9.200000000000001,-0.49658112519205233,461,9.200000000000001,0.49993211920610453,461,9.200000000000001,-0.02410492881885833
462,9.22,1.0599313183613273,462,9.22,-0.12365598237535896,462,9.22,0.12685388156867292
463,9.24,-0.27757857629662336,463,9.24,0.011560229932306883,463,9.24,0.03757409858664558
464,9.26,0.8523756847534502,464,9.26,-0.17092983395905348,464,9.26,0.10161448353645097
465,9.28,0.7769334514496751,465,9.28,-0.14381449295999532,465,9.28,0.016066003571416475
466,9.3,0.8060552228944438,466,9.3,2.716033653142596,466,9.3,0.019391860087107287
467,9.32,0.7952690826292,467,9.32,0.14325902447633032,467,9.32,-0.11107092646138937
468,9.34,1.5385752245290227,468,9.34,0.29548918291652215,468,9.34,-0.08555282921870697
469,9.36,0.5114111230383028,469,9.36,0.24747202628955856,469,9.36,-0.09893356339659047
470,9.38,0.904023164210284,470,9.38,0.32958163045566824,470,9.38,0.002784700540082041
471,9.4,-0.36054466718083256,471,9.4,0.2548038762972469,471,9.4,0.0911589283961056
472,9.42,0.22202179177675896,472,9.42,0.14544327157636514,472,9.42,-0.15413521133842115
473,9.44,-0.5595609252611199,473,9.44,0.044699740172283425,473,9.44,-0.15640516074762237
474,9.46,0.2671776546839449,474,9.46,0.008808321546845356,474,9.46,-0.18236495302284342
475,9.48,-0.48015715813915244,475,9.48,-0.027211441357684687,475,9.48,0.3788717410323194
476,9.5,0.03643384590221748,476,9.5,-0.19801614848670726,476,9.5,-1.3139661338645456
477,9.52,-0.4017742841628071,477,9.52,-0.16524683952127572,477,9.52,-0.5568947855778099
478,9.540000000000001,0.44211316706429776,478,9.540000000000001,-0.3533981456717361,478,9.540000000000001,0.20131053134554555
479,9.56,-0.8988251945412925,479,9.56,-0.3595901389185371,479,9.56,-0.02020181658816149
480,9.58,-2.3304402863015543,480,9.58,-0.4183324561528913,480,9.58,0.2010693904738455
481,9.6,2.206873795416269,481,9.6,-0.330782108335277,481,9.6,0.07774975130496131
482,9.620000000000001,0.047464656931063144,482,9.620000000000001,0.08570907653175791,482,9.620000000000001,0.20890193900430765
483,9.64,0.6146461256779561,483,9.64,-0.07569500058621118,483,9.64,0.07229073798592224
484,9.66,0.8148317891466524,484,9.66,-0.7073054517927201,484,9.66,0.1481828310058362
485,9.68,0.822272778621594,485,9.68,-0.11329050751640075,485,9.68,-0.005498032832005487
486,9.700000000000001,0.8809866173899088,486,9.700000000000001,-1.0412585825573144,486,9.700000000000001,0.04262612750013721
487,9.72,0.7149166208079251,487,9.72,1.650045094358371,487,9.72,-0.163519376445325
488,9.74,0.9697932034210737,488,9.74,0.3004970905213355,488,9.74,-0.07708666266733183
489,9.76,0.8929561884310803,489,9.76,-0.052174440938300336,489,9.76,-0.20023398462179762
490,9.78,0.7082820769789661,490,9.78,0.06349313480158206,490,9.78,0.07098314639997319
491,9.8,0.17095312838894708,491,9.8,0.09294769852457418,491,9.8,-0.08410872353095582
492,9.82,0.025359311721330182,492,9.82,1.6251668477141783,492,9.82,-0.16837821412099696
493,9.84,-0.6174719182568993,493,9.84,-1.0720970999030046,493,9.84,-0.3737503485817694
494,9.86,-0.20127821503028243,494,9.86,0.23363289089208195,494,9.86,-0.04246802242248921
495,9.88,-0.7456211791963829,495,9.88,0.7926492831020497,495,9.88,-0.10798185628680747
496,9.9,0.028374554066269403,496,9.9,1.471015793714821,496,9.9,-1.5395153720879506
497,9.92,-0.5759517110010677,497,9.92,1.0631877935153735,497,9.92,-0.1763665951483654
498,9.94,0.5217868683545819,498,9.94,1.2454607713687298,498,9.94,-0.010979869721913844
499,9.96,-2.647130476405862,499,9.96,1.0874571293889392,499,9.96,0.03377224341661312
500,9.98,-1.0191899660187793,500,9.98,1.1970113956782358,500,9.98,0.06006320888792808
501,10.0,2.012643924377981,501,10.0,0.9275183340029598,501,10.0,0.1003828547730811
502,10.02,-0.3295226683956262,502,10.02,0.9512382046130575,502,10.02,0.1321023675446174
503,10.040000000000001,0.9422155995223795,503,10.040000000000001,0.5366447630151052,503,10.040000000000001,0.11769800854086174
504,10.06,0.2247876891900458,504,10.06,0.7800973932552846,504,10.06,0.12026660047361276
505,10.08,0.9131289740573095,505,10.08,-0.3327933497443403,505,10.08,0.05602628128011472
506,10.1,0.551048506566963,506,10.1,0.260261299753927,506,10.1,0.034333215157384515
507,10.120000000000001,1.0785165840729591,507,10.120000000000001,-1.000816933031164,507,10.120000000000001,-0.08479556521904066
508,10.14,0.6729286914788738,508,10.14,0.5535025307969798,508,10.14,0.025457054961640378
509,10.16,0.689228237530519,509,10.16,1.151091073050661,509,10.16,-0.02721234988096779
510,10.18,0.0280182950056673,510,10.18,-0.8248109762245154,510,10.18,0.243162065976028
511,10.200000000000001,0.26861440293033984,511,10.200000000000001,-0.11080234071225266,511,10.200000000000001,0.07206825653081471
512,10.22,-0.33311319115008764,512,10.22,-0.5218655890721583,512,10.22,-0.006297432581944483
513,10.24,-0.3224441880593015,513,10.24,-0.18132890811985375,513,10.24,-0.19694095242072857
514,10.26,-0.6388096432080201,514,10.26,-0.5194905052814903,514,10.26,0.2429350924306293
515,10.28,-0.44925614691982463,515,10.28,-0.36798589866020864,515,10.28,-0.04356969775597399
516,10.3,0.07280353869765004,516,10.3,-0.5314337240164838,516,10.3,-1.4044028702660092
517,10.32,-0.17643025686087907,517,10.32,-0.31318607554240774,517,10.32,0.12598451955224005
518,10.34,-0.021377091573755138,518,10.34,-0.41917835004389237,518,10.34,0.040273414678308535
519,10.36,-3.147648982829422,519,10.36,-0.2648908307228166,519,10.36,0.21126545723472578
520,10.38,1.026630060416914,520,10.38,-0.4223993490598968,520,10.38,0.14754202376688869
521,10.4,1.0306785751480914,521,10.4,-0.39399033063338235,521,10.4,0.25810473810988754
522,10.42,0.25044249629989135,522,10.42,-0.4770817865058534,522,10.42,0.17143265551740167
523,10.44,0.8575803164991235,523,10.44,-0.266535107378552,523,10.44,0.20603153683376627
524,10.46,0.6062169016685351,524,10.46,-0.31405591565667584,524,10.46,0.1274211353925145
525,10.48,1.084954780633041,525,10.48,0.22139408380493597,525,10.48,0.1258068513729274
526,10.5,0.6905739710763003,526,10.5,-0.3619994086201116,526,10.5,0.002956960634819485
527,10.52,1.1380562185976029,527,10.52,-0.2827510006604558,527,10.52,-0.014766542408343871
528,10.540000000000001,0.6822660449267174,528,10.540000000000001,-0.35442527689912845,528,10.540000000000001,-0.028769984375837037
529,10.56,0.7309658643642276,529,10.56,-0.5406305290066628,529,10.56,-0.018828817361692746
530,10.58,0.062043273864270415,530,10.58,2.3617591436703016,530,10.58,0.11678489397098181
531,10.6,-0.008654615802895001,531,10.6,-0.07011639814708776,531,10.6,0.14992242635529843
532,10.620000000000001,-0.7330156443866737,532,10.620000000000001,0.051746717978294325,532,10.620000000000001,-0.041363497622004655
533,10.64,-0.4562893161635853,533,10.64,0.04848964009076782,533,10.64,-0.08459937637988368
534,10.66,-1.3076823938353868,534,10.66,0.10052160699675458,534,10.66,0.15685824404065568
535,10.68,-0.21224720201732067,535,10.68,0.08520150305620369,535,10.68,0.39178591105891836
536,10.700000000000001,-0.9956888551620463,536,10.700000000000001,0.0692109502234088,536,10.700000000000001,-1.2122439703909553
537,10.72,0.24889023852623315,537,10.72,0.06861273366411011,537,10.72,0.17314273692484805
538,10.74,-2.957400634038631,538,10.74,-0.008788657209393032,538,10.74,0.31361362120739794
539,10.76,-2.0232728832022215,539,10.76,-0.08330456146737136,539,10.76,0.3821440770607926
540,10.78,1.34700578661068,540,10.78,-0.2262362321400729,540,10.78,0.32567587434385087
541,10.8,-0.3533731678095697,541,10.8,-0.15600952528366335,541,10.8,0.40874041472322176
542,10.82,0.7579765558359368,542,10.82,-0.35807712049514484,542,10.82,0.3378797138001661
543,10.84,0.18121753129226875,543,10.84,-0.5215344331817531,543,10.84,0.37595640898653554
544,10.86,0.7821946290046573,544,10.86,-0.4408347223762393,544,10.86,0.26352636023153275
545,10.88,0.46472457458370103,545,10.88,-0.39550864122700413,545,10.88,0.2565711053936405
546,10.9,0.9828497907311482,546,10.9,0.07807533229184019,546,10.9,0.08334190097810683
547,10.92,0.5662286465512977,547,10.92,-0.33216073811423247,547,10.92,0.05214348304815244
548,10.94,0.4737771743844896,548,10.94,-0.553702867679562,548,10.94,0.01790439370184774
549,10.96,-0.2937947901737268,549,10.96,-0.36435854931130124,549,10.96,0.09100244256078374
550,10.98,-0.316733974889946,550,10.98,-0.8272047388235148,550,10.98,0.0720960089794625
551,11.0,-0.8448576941767372,551,11.0,1.7860379516517602,551,11.0,0.28378505870193516
552,11.02,-0.2504839075412364,552,11.02,-0.0002545923849455317,552,11.02,-0.015126651826308244
553,11.040000000000001,-0.6594034781115901,553,11.040000000000001,-0.1517391005749466,553,11.040000000000001,0.02058754930778485
554,11.06,-0.36838801322278375,554,11.06,0.05521892803778611,554,11.06,-0.09587933133466027
555,11.08,-0.38279953977503123,555,11.08,-0.09710950161343629,555,11.08,0.521181488257818
556,11.1,-0.03136241882408374,556,11.1,-0.06787374349912043,556,11.1,-1.256003785764248
557,11.120000000000001,-0.716744750991249,557,11.120000000000001,-0.1491459807229156,557,11.120000000000001,-0.4661428299963203
558,11.14,-2.8865476490663893,558,11.14,-0.14056081783752192,558,11.14,0.19536557958198125
559,11.16,1.6047071498125995,559,11.16,-0.26023653546897535,559,11.16,0.03429173931557842
560,11.18,-0.005913667180768246,560,11.18,-0.18299617389221934,560,11.18,0.16877723881962434
561,11.200000000000001,0.46349531312878295,561,11.200000000000001,-0.2481048678734018,561,11.200000000000001,0.08031377564390903
562,11.22,0.4870763633291831,562,11.22,-0.17039168144053973,562,11.22,0.1667437231371023
563,11.24,0.554016764329936,563,11.24,-0.3534052232289355,563,11.24,0.09783167139683782
564,11.26,0.8399390125605428,564,11.26,-0.4418192601681568,564,11.26,0.1398553917623203
565,11.28,0.8141413898106393,565,11.28,-0.5147367225364495,565,11.28,0.04670531554334564
566,11.3,0.8825746559640376,566,11.3,-0.48141399616764297,566,11.3,0.0042835555836409885
567,11.32,0.6449972946474948,567,11.32,-0.18528286919194528,567,11.32,-0.09562640545838405
568,11.34,0.44383355311272316,568,11.34,-0.22217315077906477,568,11.34,8.438850552554226e-05
569,11.36,0.2096384144869127,569,11.36,-0.8446379417974034,569,11.36,-0.0017906156947895989
570,11.38,0.034102504410051776,570,11.38,-0.28395625808455144,570,11.38,0.035511907180782176
571,11.4,-0.5586894950325527,571,11.4,-1.3225881188831035,571,11.4,0.005542246603805136
572,11.42,-0.36512869861587827,572,11.42,1.2376175828005156,572,11.42,0.23360737875825185
573,11.44,-1.104378860429773,573,11.44,0.5021551982815401,573,11.44,0.012885194464485219
574,11.46,-0.16090376782219074,574,11.46,-0.44091942563278036,574,11.46,0.05596969547483066
575,11.48,-0.7407095099251262,575,11.48,0.04200316278028827,575,11.48,-0.01492172253275806
576,11.5,0.25391708639708294,576,11.5,-0.3326486852592609,576,11.5,0.6030281170440562
577,11.52,-3.02507706888367,577,11.52,-0.08735419671765784,577,11.52,-1.19136630636907
578,11.540000000000001,-0.8317577432366607,578,11.540000000000001,-0.36427812858236797,578,11.540000000000001,-0.37102118863010675
579,11.56,1.2128043490103577,579,11.56,-0.16123109487040374,579,11.56,0.3336488528854181
580,11.58,-0.3761851826682942,580,11.58,-0.4186203155371612,580,11.58,0.15662996857595193
581,11.6,0.6677588370713501,581,11.6,-0.2346636113739491,581,11.6,0.32841567924467935
582,11.620000000000001,-0.03450599151311162,582,11.620000000000001,-0.5610320754996653,582,11.620000000000001,0.2530450199148224
583,11.64,0.6362370358762224,583,11.64,-0.5141228364064104,583,11.64,0.33421400680641883
584,11.66,0.5744618538302344,584,11.66,-0.892042262743368,584,11.66,0.22827365335855507
585,11.68,1.0189384948425222,585,11.68,-0.8598124875083868,585,11.68,0.2687904777713539
586,11.700000000000001,0.11284249853370665,586,11.700000000000001,-1.0634122632205028,586,11.700000000000001,0.14545675203797673
587,11.72,0.4470070128325372,587,11.72,-0.8814499769217393,587,11.72,0.09523658278122245
588,11.74,-0.40885768602433226,588,11.74,-0.8800860671805512,588,11.74,-0.01691300154270164
589,11.76,-0.21154923594845335,589,11.76,-0.5361792395444511,589,11.76,0.11390486023478974
590,11.78,-0.8679287219796648,590,11.78,-1.5956576713390902,590,11.78,0.11189132359893701
591,11.8,-0.19064551528725288,591,11.8,-0.7434665475699479,591,11.8,0.13132781923994905
592,11.82,-0.8684589984378417,592,11.82,-1.9327955270078816,592,11.82,0.12634384495721118
593,11.84,0.004408871038936585,593,11.84,0.42625873648904955,593,11.84,0.3102882999095835
594,11.86,-0.7269070221245223,594,11.86,0.7754371956872984,594,11.86,0.052123341921337295
595,11.88,0.213644916129366,595,11.88,-1.3187913438197119,595,11.88,0.039819102550633555
596,11.9,-2.0598690568913165,596,11.9,-0.37802650634176993,596,11.9,-0.010546538791829716
597,11.92,-1.8709804510293297,597,11.92,-0.890546453929534,597,11.92,0.4893650096486055
598,11.94,1.7852545246053546,598,11.94,-0.4091625553923323,598,11.94,-1.3340279680173583
599,11.96,-0.4535321920574234,599,11.96,-0.7353272475384657,599,11.96,-0.3406455761471537
600,11.98,0.7523212308722123,600,11.98,-0.5013440781054438,600,11.98,0.21119000438227245
601,12.0,0.08973765673385127,601,12.0,-0.708819472860211,601,12.0,0.0666324196723768
602,12.02,0.6434428223082026,602,12.02,-0.4058011231295506,602,12.02,0.1894998202554111
603,12.040000000000001,0.3626135673640485,603,12.040000000000001,-0.5367768974709466,603,12.040000000000001,0.1296734791223198
604,12.06,0.876129551338648,604,12.06,-0.16813950743250566,604,12.06,0.19060239364808929
605,12.08,0.5063424190694968,605,12.08,-0.38764451677507833,605,12.08,0.11797379860991113
606,12.1,0.6995672065590877,606,12.1,-0.2660633090774736,606,12.1,0.14789385190194979
607,12.120000000000001,0.19912956006448013,607,12.120000000000001,-0.45567122062083487,607,12.120000000000001,0.03149786603749191
608,12.14,0.34257596187102096,608,12.14,-0.2541307391413344,608,12.14,-0.03580241700050585
609,12.16,-0.44852339063945507,609,12.16,-0.2964232177763303,609,12.16,-0.14652264954773414
610,12.18,-0.40288604252733656,610,12.18,0.3404814907009729,610,12.18,-0.00864184728596092
611,12.200000000000001,-1.024621788791855,611,12.200000000000001,-0.6351615333663989,611,12.200000000000001,-0.060127362162127836
612,12.22,-0.5071284456679875,612,12.22,-0.13101875652056888,612,12.22,-0.03019280481563374
613,12.24,-0.5200535003925368,613,12.24,-0.789228857907589,613,12.24,-0.12430634883080476
614,12.26,0.08904095097328737,614,12.26,0.1655717739681134,614,12.26,0.12852274122549484
615,12.280000000000001,-1.2739722233901378,615,12.280000000000001,1.8037260988179105,615,12.280000000000001,-0.18715549952339636
616,12.3,-2.5942010350304177,616,12.3,-0.3292671915769964,616,12.3,-0.13323404416967052
617,12.32,1.8370144865319147,617,12.32,0.3913891360029386,617,12.32,-0.3549528761560663
618,12.34,-0.30934059464308483,618,12.34,0.08775888069446766,618,12.34,0.4415902502570082
619,12.36,0.4718727062151267,619,12.36,0.2684937602730973,619,12.36,-1.092353446718997
620,12.38,0.09088754440094644,620,12.38,0.01670407280303082,620,12.38,-0.9636322919248687
621,12.4,0.5845119471826711,621,12.4,0.1858697562407082,621,12.4,0.21770527907933404
622,12.42,0.48935444532557804,622,12.42,-0.007301080210426346,622,12.42,-0.1133316229068711
623,12.44,0.9853086784873275,623,12.44,0.106749129939022,623,12.44,0.18357697467872627
624,12.46,0.6973503182173539,624,12.46,0.01563736962114769,624,12.46,-0.016889364659433057
625,12.48,0.6162969523094571,625,12.48,0.06202164597042753,625,12.48,0.1938009456652042
626,12.5,0.28586553927353947,626,12.5,-0.052870611057624015,626,12.5,0.023268239873768994
627,12.52,0.2771874283976839,627,12.52,-0.04286210318419258,627,12.52,0.16411590964418335
628,12.540000000000001,-0.22218865474054153,628,12.540000000000001,-0.19455666856454407,628,12.540000000000001,-0.014684899696757013
629,12.56,-0.441031389395826,629,12.56,-0.08687603225035913,629,12.56,0.06788344727867825
630,12.58,-0.8032853440510054,630,12.58,-0.15619533936487184,630,12.58,-0.15471092328752395
631,12.6,-0.5501384053889411,631,12.6,0.30691144440184503,631,12.6,-0.0007821627862335113
632,12.620000000000001,-0.0634650318842553,632,12.620000000000001,-0.01498133570747848,632,12.620000000000001,-0.09521862294927863
633,12.64,-0.07586800452276322,633,12.64,-0.21376898280443477,633,12.64,0.0365443930234056
634,12.66,-0.209786746424427,634,12.66,0.018316255929685017,634,12.66,-0.16453390129667045
635,12.68,-2.8484953976584815,635,12.68,-0.5925165786478697,635,12.68,0.15704642413921516
636,12.700000000000001,1.455200642793481,636,12.700000000000001,2.1930151997859344,636,12.700000000000001,-0.08145967239748698
637,12.72,0.49312144022453935,637,12.72,0.5162760997120956,637,12.72,-0.03756382653264791
638,12.74,0.3267221144426783,638,12.74,0.19959127497405826,638,12.74,-0.3170574100879179
639,12.76,0.6374677168325762,639,12.76,0.4526202891919159,639,12.76,0.2916290799326151
640,12.780000000000001,0.7544586951997315,640,12.780000000000001,0.2728998435611209,640,12.780000000000001,-0.32099371601842475
641,12.8,0.7164576774443514,641,12.8,0.39078278274052586,641,12.8,-1.4279261623980626
642,12.82,0.9513067062895818,642,12.82,0.2187285063283035,642,12.82,0.10493743211443313
643,12.84,1.1267053661081439,643,12.84,0.361735955719672,643,12.84,-0.0825494514129536
644,12.86,0.8637258966392476,644,12.86,0.1917052693937551,644,12.86,0.1269209079631188
645,12.88,0.6292779174884725,645,12.88,0.3384697459821589,645,12.88,0.02031158270835025
646,12.9,0.31463025489746627,646,12.9,0.16269663888864944,646,12.9,0.14863303177827997
647,12.92,-0.06279710592640257,647,12.92,0.28950960964185307,647,12.92,0.057272539685994384
648,12.94,-0.49793756243672815,648,12.94,0.0684590888416096,648,12.94,0.11296111334553678
649,12.96,-0.51949784417458,649,12.96,0.15870253775743126,649,12.96,0.01986051721239366
650,12.98,-0.807126944781549,650,12.98,0.03842617775327341,650,12.98,0.044441598054764136
651,13.0,-0.21109496749041298,651,13.0,0.26472857091785224,651,13.0,-0.103731857029684
652,13.02,-0.5600072502612681,652,13.02,0.30006446504829615,652,13.02,-0.07337405899170554
653,13.040000000000001,-0.1931189102991481,653,13.040000000000001,0.6197038206710054,653,13.040000000000001,-0.06690025933483922
654,13.06,-3.6090326739593004,654,13.06,-0.2505745687612754,654,13.06,0.03508677954854956
655,13.08,0.6632820957023912,655,13.08,0.5602685436353534,655,13.08,-0.05285616505644511
656,13.1,0.49059685338349446,656,13.1,-0.6463565752978762,656,13.1,0.12146047506090633
657,13.120000000000001,0.1879265229408108,657,13.120000000000001,2.010124228761819,657,13.120000000000001,0.07954952576675861
658,13.14,0.43109519205378105,658,13.14,1.7114811810981045,658,13.14,-0.06168844135599991
659,13.16,0.4060203496575984,659,13.16,-0.04645514884204446,659,13.16,-0.2476685153659289
660,13.18,0.6238707308585174,660,13.18,0.7671251877547102,660,13.18,0.036265703701625504
661,13.200000000000001,0.6283295499123465,661,13.200000000000001,0.2511713086347614,661,13.200000000000001,-0.04549304695921783
662,13.22,0.6469997259139396,662,13.22,0.6524040930127025,662,13.22,-1.7587660646862255
663,13.24,0.3129855194918095,663,13.24,0.2678936953079067,663,13.24,-0.29086461560327864
664,13.26,0.009891134673409407,664,13.26,0.5021897347647335,664,13.26,-0.33151017527435733
665,13.280000000000001,-0.3127356144943205,665,13.280000000000001,0.23290521997987768,665,13.280000000000001,-0.24822081126737183
666,13.3,-0.5841899319452035,666,13.3,0.42685719995843746,666,13.3,-0.36429344710312805
667,13.32,-0.5943541542918218,667,13.32,0.17138561694835935,667,13.32,-0.2667451500459253
668,13.34,-0.3150621163710272,668,13.34,0.37525533310320075,668,13.34,-0.3779260799151209
669,13.36,-0.5583099949403135,669,13.36,0.07386282239803901,669,13.36,-0.3198215947142049
670,13.38,-0.2791491308857776,670,13.38,0.14863149143351503,670,13.38,-0.4365346094053075
671,13.4,-0.6515634488057593,671,13.4,0.0024505539143100433,671,13.4,-0.41088090101112473
672,13.42,-0.24991830759303357,672,13.42,0.2596756608862297,672,13.42,-0.6255648051086364
673,13.44,-3.382090193489185,673,13.44,0.014626151448440549,673,13.44,-0.5812991032674205
674,13.46,0.9906617982355316,674,13.46,0.4514161663487352,674,13.46,-0.6344922417379808
675,13.48,0.4059557655874726,675,13.48,-0.49368459699555545,675,13.48,-0.5150479427664643
676,13.5,0.04832361300637142,676,13.5,0.0647476131489339,676,13.5,-0.6483824199079744
677,13.52,0.5516121603276336,677,13.52,-0.7740955972874562,677,13.52,-0.31828507424714203
678,13.540000000000001,-0.08512540410184181,678,13.540000000000001,0.4376767351290984,678,13.540000000000001,-0.4755083672583749
679,13.56,0.3346921009897224,679,13.56,1.8459031496057927,679,13.56,-0.3900763388081342
680,13.58,0.5053545035699867,680,13.58,-0.44154981792438874,680,13.58,-0.5962621307588312
681,13.6,0.7058574704449518,681,13.6,0.2929021688815053,681,13.6,0.10853719820439074
682,13.620000000000001,0.37640586354397004,682,13.620000000000001,-0.18935652063838468,682,13.620000000000001,-0.5454366434240662
683,13.64,0.3280258171358855,683,13.64,0.1086002155760572,683,13.64,-1.3944538823790316
684,13.66,-0.06306601136304268,684,13.66,-0.22823065786512267,684,13.66,0.23299203281452813
685,13.68,-0.13009679015230488,685,13.68,-0.06542959996441579,685,13.68,0.049825421151737485
686,13.700000000000001,-0.6546447378951946,686,13.700000000000001,-0.28594499550272534,686,13.700000000000001,0.34843500167097613
687,13.72,-0.5252339531594084,687,13.72,-0.08321525878548952,687,13.72,0.24170725480097716
688,13.74,-0.9441255360326729,688,13.74,-0.26091957287406964,688,13.74,0.440552796014688
689,13.76,-0.10541587010494577,689,13.76,-0.12078374097176534,689,13.76,0.35981585523076937
690,13.780000000000001,-0.4863743887799265,690,13.780000000000001,-0.35663047063886616,690,13.780000000000001,0.5167634139021308
691,13.8,0.02195600211427738,691,13.8,-0.301698148221357,691,13.8,0.4347611730517171
692,13.82,-3.561635242962298,692,13.82,-0.5221166239226125,692,13.82,0.5125271240464316
693,13.84,0.8207965958562069,693,13.84,-0.31536083611704774,693,13.84,0.3124023808182102
694,13.86,0.6593710950558346,694,13.86,-0.38868165167983093,694,13.86,0.3350418332891108
695,13.88,-0.15916826096261663,695,13.88,0.15663907512418143,695,13.88,0.2936194929840878
696,13.9,0.23937191809108527,696,13.9,-0.5184599996387789,696,13.9,0.3669129939725101
697,13.92,0.19417326129753235,697,13.92,-0.2746931541700638,697,13.92,0.2950130745945444
698,13.94,0.36943899214738235,698,13.94,-0.5921036836627406,698,13.94,0.4594206287466778
699,13.96,0.43163562167663605,699,13.96,-0.22285424812405816,699,13.96,0.12577484654236717
700,13.98,0.567041516979874,700,13.98,2.023279764377587,700,13.98,0.10641686890095
701,14.0,0.3289139908846164,701,14.0,-0.23977907128240858,701,14.0,0.0472426959277922
702,14.02,0.3198163785043956,702,14.02,0.17538430159670496,702,14.02,0.5094214999829998
703,14.040000000000001,0.2354974577376637,703,14.040000000000001,-0.013894272770973909,703,14.040000000000001,-1.3561554857197762
704,14.06,0.12372029432436525,704,14.06,0.19422335216715722,704,14.06,-0.2417539172218572
705,14.08,-0.5382262695899207,705,14.08,0.017075665575354743,705,14.08,0.15651509232533672
706,14.1,-0.7975457474894653,706,14.1,0.07535353993796244,706,14.1,0.19729350268997467
707,14.120000000000001,-0.841398724664693,707,14.120000000000001,-0.018338226371474354,707,14.120000000000001,0.29771131241780413
708,14.14,-0.10698761982814509,708,14.14,0.056893614523707274,708,14.14,0.43791789668291436
709,14.16,-0.11026928489618924,709,14.16,-0.0395535936216773,709,14.16,0.5431823388855114
710,14.18,0.15824527428075655,710,14.18,-0.012948688970344797,710,14.18,0.6933271920827272
711,14.200000000000001,-3.312930619895948,711,14.200000000000001,-0.09270658815002153,711,14.200000000000001,0.6982021631494176
712,14.22,1.2115139797156074,712,14.22,-0.17079997537027442,712,14.22,0.7858168046801751
713,14.24,0.7032582395645354,713,14.24,-0.287016877277377,713,14.24,0.6549899761929436
714,14.26,0.5588483956099073,714,14.26,-0.18837376520037358,714,14.26,0.6885323126691536
715,14.280000000000001,0.691254907634941,715,14.280000000000001,-0.16326602073155141,715,14.280000000000001,0.6110863059844464
716,14.3,0.5502741624598184,716,14.3,0.21846802243313385,716,14.3,0.701141044081074
717,14.32,0.7237433975591299,717,14.32,-0.15372399649705304,717,14.32,0.5072963499655416
718,14.34,0.7220630169633568,718,14.34,-0.39133908710014337,718,14.34,0.7377562250437438
719,14.36,0.7558867611873614,719,14.36,-0.13128884507886535,719,14.36,0.4539131352499082
720,14.38,0.4731299986263592,720,14.38,-0.7144731567724648,720,14.38,0.43431033862692897
721,14.4,0.18686388047526234,721,14.4,2.1818368537265185,721,14.4,0.06960605685584778
722,14.42,-0.2023884879842701,722,14.42,0.3763321767100511,722,14.42,0.6044055058032777
723,14.44,-0.45022749193147876,723,14.44,0.16749981603656308,723,14.44,-0.26584072731024166
724,14.46,-0.5068961273577486,724,14.46,0.42597224158391545,724,14.46,-1.17858784043802
725,14.48,-0.33819221573919933,725,14.48,0.35284700327511154,725,14.48,0.3578922865663021
726,14.5,-0.4601069394698554,726,14.5,0.4970559566232166,726,14.5,0.16638398944777266
727,14.52,-0.2534968869803438,727,14.52,0.36656223735818483,727,14.52,0.4304855391155751
728,14.540000000000001,-0.17642171078307964,728,14.540000000000001,0.37859773790479184,728,14.540000000000001,0.31185809539940235
729,14.56,-0.42615115987171465,729,14.56,0.2892226276889471,729,14.56,0.44276105675524374
730,14.58,-3.207776119094614,730,14.58,0.24934295906832124,730,14.58,0.3353059078480907
731,14.6,1.8046360718052987,731,14.6,0.1521551877992318,731,14.6,0.36891069855195185
732,14.620000000000001,0.3016295263890451,732,14.620000000000001,0.1544633827896333,732,14.620000000000001,0.2075418099549075
733,14.64,0.20864536584315646,733,14.64,-0.047127713767266724,733,14.64,0.1324172007731812
734,14.66,0.1796878659666454,734,14.66,-0.07874843084693259,734,14.66,-0.005791198656217955
735,14.68,0.4882349864760991,735,14.68,-0.2000280401407649,735,14.68,-0.02588278290234418
736,14.700000000000001,0.527749093064882,736,14.700000000000001,-0.02949993024769789,736,14.700000000000001,-0.02634920323843054
737,14.72,0.9402797891019985,737,14.72,0.20759578871095385,737,14.72,-0.048635393682154186
738,14.74,0.8048518088814808,738,14.74,0.03323320663872535,738,14.74,0.10836816813251184
739,14.76,0.5512123087212122,739,14.76,-0.505987474243412,739,14.76,0.11883185947738749
740,14.780000000000001,-0.05284296779897001,740,14.780000000000001,-0.002056663084193925,740,14.780000000000001,-0.07234079316885939
741,14.8,0.1360457145906513,741,14.8,-0.9169917732595435,741,14.8,-0.22293962863849626
742,14.82,-0.29545760293256285,742,14.82,1.7787971368596913,742,14.82,-0.01682233094531297
743,14.84,-0.1339330158945823,743,14.84,0.4013826083732657,743,14.84,-0.17449271480068837
744,14.86,-0.8394449974914612,744,14.86,-0.2636987874685705,744,14.86,-1.6629206264148804
745,14.88,-0.6105925331390786,745,14.88,0.0919088584378157,745,14.88,-0.11533845116155991
746,14.9,-0.4024553427273005,746,14.9,-0.10301064947832608,746,14.9,-0.14420156637307202
747,14.92,-0.04074759873815264,747,14.92,0.05116113583549703,747,14.92,-0.01469702677294669
748,14.94,-0.7898394294278979,748,14.94,-0.07869067504405998,748,14.94,-0.10904310855405729
749,14.96,-2.5050408262757045,749,14.96,0.05685175785536295,749,14.96,-0.02276123371426767
750,14.98,2.0251115544340066,750,14.98,-0.05919159266812432,750,14.98,-0.11423445381277642
751,15.0,-0.2837937372572889,751,15.0,0.09978639176825209,751,15.0,-0.009933819177235017
752,15.02,0.5937712948042904,752,15.02,-0.06941377565882202,752,15.02,-0.03734511853420307
753,15.040000000000001,0.15407976418991337,753,15.040000000000001,0.014189835244283047,753,15.040000000000001,0.04319189436901839
754,15.06,0.7316135850069336,754,15.06,-0.156710768625608,754,15.06,-0.11240034616474916
755,15.08,0.4248673256471358,755,15.08,-0.1745019459535612,755,15.08,-0.12522744741165456
756,15.1,0.6842655043514541,756,15.1,-0.36042793894974573,756,15.1,-0.15639424301749194
757,15.120000000000001,0.5224918706791689,757,15.120000000000001,-0.2745015226338378,757,15.120000000000001,-0.053368181866685745
758,15.14,0.7576534265890258,758,15.14,-0.036334650688294896,758,15.14,0.04909155627859261
759,15.16,0.18300074715640213,759,15.16,0.060017448760944045,759,15.16,0.40710531124721705
760,15.18,0.2791228623840171,760,15.18,-0.6286573050959094,760,15.18,0.3007077205398593
761,15.200000000000001,-0.5041058285092962,761,15.200000000000001,0.12800578367818863,761,15.200000000000001,0.3539211809269598
762,15.22,-0.3502006882429366,762,15.22,-0.8650634845505902,762,15.22,0.4720025525866784
763,15.24,-0.9728569666284388,763,15.24,1.7921250303833578,763,15.24,0.9885120045451571
764,15.26,-0.29235705336273027,764,15.26,1.2179553330892365,764,15.26,-0.9524759995042348
765,15.280000000000001,-0.7385466405271811,765,15.280000000000001,0.14372984919087753,765,15.280000000000001,0.36476109795994877
766,15.3,0.15069820470787199,766,15.3,0.8308211453478425,766,15.3,0.7279717533084143
767,15.32,-1.650747853137474,767,15.32,0.534167093459358,767,15.32,0.5641880636537051
768,15.34,-2.0426353017408165,768,15.34,0.8942488123727805,768,15.34,0.5726803197115962
769,15.36,1.5352877769725701,769,15.36,0.6471203994147013,769,15.36,0.5706791274900637
770,15.38,-0.1639997510628203,770,15.38,0.861052211687673,770,15.38,0.6029264622873775
771,15.4,0.799644268185042,771,15.4,0.6598068275961674,771,15.4,0.5693479246574977
772,15.42,0.229879535779635,772,15.42,0.851472624875245,772,15.42,0.52960742512076
773,15.44,0.7953173005758889,773,15.44,0.6286926285248707,773,15.44,0.4405437220688406
774,15.46,0.2993331365192346,774,15.46,0.7863759531297159,774,15.46,0.31868669679720935
775,15.48,1.0420592261854722,775,15.48,0.5106760029026903,775,15.48,0.26251690835023794
776,15.5,0.7734488996102907,776,15.5,0.5270942003615527,776,15.5,0.33949868664415883
777,15.52,1.0180140673664375,777,15.52,0.2920135324132581,777,15.52,0.33757403906175076
778,15.540000000000001,0.23140061990139738,778,15.540000000000001,0.4716206716530725,778,15.540000000000001,0.38514366679192297
779,15.56,0.3749520008044176,779,15.56,0.6078826125721402,779,15.56,0.4880452092177737
780,15.58,-0.5650290157211465,780,15.58,0.8030481225170869,780,15.58,0.3163888839395206
781,15.6,-0.23456091808723747,781,15.6,-0.16441076534282165,781,15.6,0.2876778848333924
782,15.620000000000001,-1.2021063907549443,782,15.620000000000001,0.6478777478292325,782,15.620000000000001,0.4295802593976821
783,15.64,-0.15682983353046293,783,15.64,-0.5665580022619165,783,15.64,0.7607411050200547
784,15.66,-0.7335300842632558,784,15.66,1.9162485951375647,784,15.66,-1.2223333817247797
785,15.68,0.47539735184159937,785,15.68,1.473644908428587,785,15.68,0.06907796475363374
786,15.700000000000001,-2.7083115265806024,786,15.700000000000001,-0.11561514943002933,786,15.700000000000001,0.4635048876220141
787,15.72,-1.3699233864237539,787,15.72,0.44693146830608793,787,15.72,0.35878601809104704
788,15.74,1.5719922668113766,788,15.74,-0.16041592888342848,788,15.74,0.3877348511561067
789,15.76,-0.39572917907418015,789,15.76,-0.026360266942284993,789,15.76,0.32081505008554945
790,15.780000000000001,0.49723672939500846,790,15.780000000000001,-0.5578198372305283,790,15.780000000000001,0.35173032487069483
791,15.8,0.15524770271761396,791,15.8,-0.505270104095395,791,15.8,0.27111994461539596
792,15.82,0.8665551424477181,792,15.82,-0.886350516512859,792,15.82,0.2514525499266596
793,15.84,0.23759182204237955,793,15.84,-0.739146423680321,793,15.84,0.10617709045711955
794,15.860000000000001,0.8006455197843793,794,15.860000000000001,-0.99363731779523,794,15.860000000000001,-0.014212908101180243
795,15.88,0.07616709480289388,795,15.88,-0.8599065317496477,795,15.88,-0.16297036146508292
796,15.9,0.45672324539571724,796,15.9,-1.0527925733212922,796,15.9,-0.04339463569534814
797,15.92,-0.20305693702090133,797,15.92,-1.0013245993652011,797,15.92,-0.14332713877473152
798,15.94,-0.4112496927586875,798,15.94,-1.2117254691716615,798,15.94,0.03958243627159996
799,15.96,-0.9213971115458564,799,15.96,-1.0600079324195506,799,15.96,-0.09394927558375947
800,15.98,-0.2635112108565083,800,15.98,-0.751951490353156,800,15.98,-0.19222029846777652
801,16.0,-0.5676978484249486,801,16.0,-0.7717884573544744,801,16.0,-0.446763650596888
802,16.02,-0.006740230880910206,802,16.02,-1.3284883506287712,802,16.02,0.013023789715538319
803,16.04,-0.4201449726239477,803,16.04,-0.6826823852818188,803,16.04,-0.3528507030722955
804,16.06,0.5247935057528382,804,16.06,-1.6011814853601811,804,16.06,-1.8112279237868356
805,16.080000000000002,-3.090584186181381,805,16.080000000000002,1.238080049570111,805,16.080000000000002,-0.12750033783440382
806,16.1,0.560869059382151,806,16.1,-0.054106348788404604,806,16.1,-0.2863829498413853
807,16.12,0.9807485364603007,807,16.12,-0.6248585128302555,807,16.12,-0.13937645624029268
808,16.14,-0.42484821997891054,808,16.14,-0.22107096019734826,808,16.14,-0.2671145096251361
809,16.16,0.5604759567682105,809,16.16,-0.34648903930195163,809,16.16,-0.18096641595883023
810,16.18,0.3271398130440252,810,16.18,-0.1425567161165876,810,16.18,-0.3577327153210904
811,16.2,0.8660432483402272,811,16.2,-0.26523313899889733,811,16.2,-0.446373692727649
812,16.22,0.7758058239214582,812,16.22,-0.14581362166186654,812,16.22,-0.652883098726491
813,16.240000000000002,0.8111220551629885,813,16.240000000000002,-0.18168258086515612,813,16.240000000000002,-0.7051236809654298
814,16.26,0.4673246807903795,814,16.26,-0.09845924740631984,814,16.26,-0.8271118986824421
815,16.28,0.5811684411200149,815,16.28,-0.10323071009773882,815,16.28,-0.7578347910625151
816,16.3,0.34113963652960355,816,16.3,-0.05072703443243311,816,16.3,-0.6564850545626545
817,16.32,0.3074362043198331,817,16.32,-0.2022338988949482,817,16.32,-0.5641454053752338
818,16.34,-0.5008666003885248,818,16.34,-0.2570462902773376,818,16.34,-0.2971898432793735
819,16.36,-0.7844720727444456,819,16.36,-0.2920146224567877,819,16.36,-0.4260555267471173
820,16.38,-0.6609136023376995,820,16.38,-0.1382951895986045,820,16.38,-0.39026012501767915
821,16.4,-0.21507861823642233,821,16.4,0.30001745175885974,821,16.4,-0.43850639556131016
822,16.42,-0.28383047765430264,822,16.42,-0.16713370794284435,822,16.42,0.24550198596217335
823,16.44,-0.3893590731132166,823,16.44,-0.5237549933008163,823,16.44,-0.8382947785902214
824,16.46,-3.095820690390039,824,16.46,-0.28323787573371406,824,16.46,-0.8648293161507393
825,16.48,1.881581342729311,825,16.48,-0.9476725377168841,825,16.48,0.28085649162497967
826,16.5,0.0817278986128924,826,16.5,1.9079067401046068,826,16.5,-0.06312409637115372
827,16.52,0.4520923369686474,827,16.52,-0.003487417358268485,827,16.52,0.24039353587361575
828,16.54,0.2211022768260073,828,16.54,-0.19095385894225908,828,16.54,-0.032328138253678654
829,16.56,0.559388096395637,829,16.56,-0.10796854756261796,829,16.56,0.1377694103559222
830,16.580000000000002,0.36960969386461406,830,16.580000000000002,-0.24549307775313953,830,16.580000000000002,-0.10855607115661303
831,16.6,0.7823846137766857,831,16.6,-0.22806500265456306,831,16.6,0.06735506654286295
832,16.62,0.5590646083905128,832,16.62,-0.3230700971296466,832,16.62,-0.1308800535798284
833,16.64,0.7239155077835003,833,16.64,-0.34980384877989545,833,16.64,0.04372441030418894
834,16.66,0.24702086305977733,834,16.66,-0.38783214533778015,834,16.66,-0.1929546833871254
835,16.68,0.6080853876519616,835,16.68,-0.372009112566366,835,16.68,-0.00317754942248334
836,16.7,-0.2997499682419398,836,16.7,-0.4338836285950897,836,16.7,-0.19389885069476495
837,16.72,-0.37912280768822204,837,16.72,-0.452915626424099,837,16.72,0.14197681365116357
838,16.740000000000002,-0.9336779235413678,838,16.740000000000002,-0.512149047928508,838,16.740000000000002,-0.09106040485728918
839,16.76,-0.3549075977356477,839,16.76,-0.6279131935065351,839,16.76,-0.07644866393080332
840,16.78,-0.7268595411657754,840,16.78,-0.6373909170616583,840,16.78,-0.3021699494704066
841,16.8,0.3678603729356514,841,16.8,-0.5359472545100994,841,16.8,0.17520228858164053
842,16.82,-1.8012648256310337,842,16.82,0.01619933707445917,842,16.82,-0.1650783404805057
843,16.84,-1.2289297405996633,843,16.84,-0.605373494270447,843,16.84,-1.2803954971944969
844,16.86,1.870907269386594,844,16.86,-0.48578815663858194,844,16.86,-0.061041003281741696
845,16.88,-0.5344682041291757,845,16.88,-0.5980230856731292,845,16.88,0.007081219077096747
846,16.9,0.6887433916426732,846,16.9,-0.5291983355240186,846,16.9,0.041182407629809195
847,16.92,0.03435212397934604,847,16.92,2.096780507454372,847,16.92,0.05338024268896975
848,16.94,0.7247733328985891,848,16.94,-0.2844955065323757,848,16.94,0.04088987653730037
849,16.96,0.434889401055632,849,16.96,0.16796439304018257,849,16.96,0.10571936146951572
850,16.98,0.8831588839869068,850,16.98,0.0004352863747430234,850,16.98,0.10203275790054377
851,17.0,0.38418050915617774,851,17.0,0.2622826884692647,851,17.0,0.16972703378859452
852,17.02,0.673936197316603,852,17.02,0.07127921422441569,852,17.02,0.1550949904930774
853,17.04,0.1619290837402808,853,17.04,0.24946104224830107,853,17.04,0.18958769438649545
854,17.06,0.28885063544801026,854,17.06,0.08166827753768115,854,17.06,0.08146423001657858
855,17.080000000000002,-0.6311830224865804,855,17.080000000000002,0.22448964908538957,855,17.080000000000002,0.15062401250960972
856,17.1,-0.43605192065152815,856,17.1,0.040872608431191615,856,17.1,0.11611938450107602
857,17.12,-0.9299134516821356,857,17.12,0.15646288933391572,857,17.12,0.337457186717903
858,17.14,-0.13474564264571653,858,17.14,0.0019508045452268615,858,17.14,0.007353046193746912
859,17.16,-0.5502304808105777,859,17.16,0.025978364445333402,859,17.16,0.0457855849023021
860,17.18,0.24083955182846775,860,17.18,-0.20977423757851596,860,17.18,-0.16008270427069804
861,17.2,-2.7468528931557286,861,17.2,-0.010562122470874031,861,17.2,0.3615028023227394
862,17.22,1.1053163656084923,862,17.22,0.029529200244088408,862,17.22,-1.1687484356656552
863,17.240000000000002,0.7040360034797675,863,17.240000000000002,0.5936957147741841,863,17.240000000000002,-0.6106180981014214
864,17.26,-0.060555005028277153,864,17.26,-0.40868862853362353,864,17.26,0.2159290230768734
865,17.28,0.4773069056558313,865,17.28,0.23135318220952314,865,17.28,0.01832482176130095
866,17.3,0.28378924811267825,866,17.3,-0.5899016287631784,866,17.3,0.1680268306551099
867,17.32,0.5527001269377739,867,17.32,0.5761381875813428,867,17.32,-0.00915634396553845
868,17.34,0.5687135929693622,868,17.34,2.2641967169648742,868,17.34,0.006852275464718832
869,17.36,0.669812465937309,869,17.36,-0.22460845226640014,869,17.36,-0.1663463476521919
870,17.38,0.5037724717694964,870,17.38,0.575073533090555,870,17.38,-0.14962574761980368
871,17.400000000000002,0.3937294271134719,871,17.400000000000002,0.14295436111584622,871,17.400000000000002,-0.2706432169834992
872,17.42,0.07746889997747097,872,17.42,0.5113426758001942,872,17.42,-0.26483182407971234
873,17.44,-0.42487265143794456,873,17.44,0.27524405431876253,873,17.44,-0.3998369152394428
874,17.46,-0.4612743854502038,874,17.46,0.40306261692006345,874,17.46,-0.2318529815885105
875,17.48,-0.7363910295473934,875,17.48,0.0030213969543512373,875,17.48,-0.23272640345272005
876,17.5,-0.31733992726335636,876,17.5,0.09003663410659153,876,17.5,0.09333898922285694
877,17.52,-0.3786026867913139,877,17.52,-0.25710528027677004,877,17.52,-0.06689752751654152
878,17.54,0.0796508352934127,878,17.54,-0.15800126946507612,878,17.54,0.0009950330760354262
879,17.56,-0.9386877674015751,879,17.56,-0.3241419239977242,879,17.56,-0.19406603196851968
880,17.580000000000002,-1.583148690583363,880,17.580000000000002,-0.31005724377625427,880,17.580000000000002,0.5231119316514463
881,17.6,2.1090483079688456,881,17.6,-0.6036105715873384,881,17.6,-0.5722908172369123
882,17.62,-0.46651370860571084,882,17.62,-0.46342245806592713,882,17.62,-0.9579421773735823
883,17.64,0.7534225253138939,883,17.64,-0.23103921323407897,883,17.64,0.4004133862102678
884,17.66,0.017406650196725493,884,17.66,-0.12128851163032614,884,17.66,0.07681853462351697
885,17.68,0.6556250514722444,885,17.68,-0.9670724975615042,885,17.68,0.41761218702860975
886,17.7,0.3537417282638437,886,17.7,-0.19704860804764607,886,17.7,0.23764694911719952
887,17.72,0.8473628457863456,887,17.72,-1.3728917632533164,887,17.72,0.46547220372530135
888,17.740000000000002,0.24950531998756506,888,17.740000000000002,1.0696347996193973,888,17.740000000000002,0.26609717708482117
889,17.76,0.6232811821040808,889,17.76,0.708454434391345,889,17.76,0.4283380549812882
890,17.78,0.14124247370972812,890,17.78,-0.5459435831337645,890,17.78,0.2077950758731225
891,17.8,-0.02714577569607951,891,17.8,0.08503766995655894,891,17.8,0.28930724081734677
892,17.82,-0.8333746397009247,892,17.82,-0.3023813423111987,892,17.82,0.06637847752657669
893,17.84,-0.26718298265835355,893,17.84,-0.0034601023561659557,893,17.84,0.3017922980219602
894,17.86,-0.3809950302289859,894,17.86,-0.30550166867193773,894,17.86,0.11292149385140121
895,17.88,-0.04469864434935023,895,17.88,-0.043243361915876584,895,17.88,0.4409275150614691
896,17.900000000000002,-0.543697529227482,896,17.900000000000002,-0.18037788408944477,896,17.900000000000002,0.07969303443181583
897,17.92,0.9289384991359954,897,17.92,0.08317863588373385,897,17.92,0.08159050857084561
898,17.94,-2.1657158280211757,898,17.94,-0.05974769122719628,898,17.94,-0.2812768337946245
899,17.96,0.4671538404265445,899,17.96,0.09081126433748311,899,17.96,0.36967454104944186
900,17.98,1.667543154397082,900,17.98,-0.09934798739022357,900,17.98,-0.6686765997619257
901,18.0,-0.11510709776497693,901,18.0,-0.006094985637931741,901,18.0,-1.2310957305481627
902,18.02,0.8028014736380448,902,18.02,-0.11569473423555388,902,18.02,-0.00988803606155952
903,18.04,0.43115251928438075,903,18.04,0.09166964058262914,903,18.04,-0.3308550459714557
904,18.06,0.8888894533654996,904,18.06,0.407634838668619,904,18.06,-0.20155601774350315
905,18.080000000000002,0.5375106330062037,905,18.080000000000002,0.2286481142062027,905,18.080000000000002,-0.3637952971361087
906,18.1,1.0813860595052007,906,18.1,-0.30132087166000227,906,18.1,-0.23806826232930137
907,18.12,0.6238032355047007,907,18.12,0.18178204707859819,907,18.12,-0.33002088803824603
908,18.14,0.6485168790222644,908,18.14,-0.7939335956705922,908,18.14,-0.21922924869783703
909,18.16,0.009628801086058292,909,18.16,2.359258440203632,909,18.16,-0.2952646279086074
910,18.18,-0.03633408931991908,910,18.18,0.5621573484622282,910,18.18,-0.29082074685734727
911,18.2,-0.3738377666365241,911,18.2,0.06397139374896837,911,18.2,-0.4368617496527826
912,18.22,0.04692455163249823,912,18.22,0.31068849095777007,912,18.22,-0.32599750511261183
913,18.240000000000002,-0.5046868966846985,913,18.240000000000002,0.2409532730246897,913,18.240000000000002,-0.3831075356416023
914,18.26,0.3796813653905989,914,18.26,0.30624217632646195,914,18.26,-0.0956729562774926
915,18.28,-0.5621599398495915,915,18.28,0.2195321188402273,915,18.28,-0.34517437521629657
916,18.3,0.28028223270558605,916,18.3,0.22182163265153038,916,18.3,-0.3141308338663559
917,18.32,-2.416391073955187,917,18.32,0.17097425953329703,917,18.32,-0.5267539193847869
918,18.34,1.1800576657835575,918,18.34,0.11361841592006512,918,18.34,0.18055152501869384
919,18.36,0.4449312109452314,919,18.36,0.10413023990442932,919,18.36,-0.885224511902762
920,18.38,0.25549498972851936,920,18.38,0.07750957973616715,920,18.38,-1.0996247534554828
921,18.400000000000002,0.5410452053081082,921,18.400000000000002,0.028085443400307938,921,18.400000000000002,0.450463188007821
922,18.42,0.4291308505440968,922,18.42,-0.12008610607236098,922,18.42,0.3468244048481081
923,18.44,0.5810645372275007,923,18.44,-0.04754952386871066,923,18.44,0.484684673004572
924,18.46,0.6421701873582504,924,18.46,0.03483933944236624,924,18.46,0.030828259515585796
925,18.48,0.6095879793093236,925,18.48,0.5235323931182831,925,18.48,0.04823079242385474
926,18.5,0.608640382965155,926,18.5,-0.36499037665570055,926,18.5,-0.34360571436474613
927,18.52,-0.017568750554812235,927,18.52,-0.06074261105565524,927,18.52,-0.24153861778222968
928,18.54,-0.45049149052198917,928,18.54,-0.6023250494884352,928,18.54,-0.38102616422163976
929,18.56,-0.41920336533047725,929,18.56,-0.16119507128829075,929,18.56,-0.2361204498630999
930,18.580000000000002,-0.10380243624273335,930,18.580000000000002,2.048619505258264,930,18.580000000000002,-0.41550028909978937
931,18.6,-0.21299627861204096,931,18.6,-0.48822979657643434,931,18.6,-0.285640920400083
932,18.62,-0.10496954806722733,932,18.62,0.11165002147485158,932,18.62,-0.3430994216980481
933,18.64,-0.021765258976402333,933,18.64,-0.2570198234848512,933,18.64,0.03804395954710289
934,18.66,0.2479815054137977,934,18.66,0.06153177647944322,934,18.66,-0.32821603566434926
935,18.68,-0.5221459869266655,935,18.68,-0.25072762810853644,935,18.68,-0.14219418286827173
936,18.7,-2.2619731062432717,936,18.7,-0.08634357876453928,936,18.7,-0.2848830115322895
937,18.72,1.9609508582617203,937,18.72,-0.32069173206759277,937,18.72,0.6863071626365653
938,18.740000000000002,0.1760031356566567,938,18.740000000000002,-0.129838982666485,938,18.740000000000002,-1.006976831624508
939,18.76,0.9828665591590827,939,18.76,-0.3595818428956084,939,18.76,-0.4267315096045878
940,18.78,0.38496545410463284,940,18.78,-0.20229771031138277,940,18.78,0.47384747719575254
941,18.8,1.007977158646311,941,18.8,-0.4323486410188644,941,18.8,0.31979103003493226
942,18.82,0.6816186506257277,942,18.82,-0.3842586035806359,942,18.82,0.5301626993690551
943,18.84,1.0170067415913646,943,18.84,-0.5945336088724018,943,18.84,0.5780259177257935
944,18.86,0.7102114177865223,944,18.86,-0.39503607077065245,944,18.86,0.7647472825816148
945,18.88,0.7446016995424055,945,18.88,-0.24325312838224686,945,18.88,0.8922174254083393
946,18.900000000000002,0.09709269773094507,946,18.900000000000002,0.18414401978302442,946,18.900000000000002,0.965092512474066
947,18.92,0.03709518256491215,947,18.92,-0.7518926109036185,947,18.92,1.0024688236122854
948,18.94,-0.7472575153611832,948,18.94,0.13953067577417944,948,18.94,0.907424619245559
949,18.96,0.015941149418299196,949,18.96,-1.0209960701976089,949,18.96,0.8406395797973893
950,18.98,-0.8729505981088252,950,18.98,1.1279519113913943,950,18.98,0.7413210775219303
951,19.0,0.055617899194987,951,19.0,1.5860532204425233,951,19.0,0.8909947291303992
952,19.02,-0.8030619730485463,952,19.02,-0.3956155704246963,952,19.02,0.7951409158224373
953,19.04,0.18090563507190469,953,19.04,0.4695696427348968,953,19.04,0.5740526652481474
954,19.06,-3.2629692886551247,954,19.06,-0.01716396835920609,954,19.06,0.4303924525010683
955,19.080000000000002,-0.7043227946134466,955,19.080000000000002,0.39740965971733,955,19.080000000000002,0.7397784964148961
956,19.1,0.5538374349939205,956,19.1,0.03359910547935152,956,19.1,0.7577002781562338
957,19.12,-1.0218356381354272,957,19.12,0.2949233617078153,957,19.12,-0.9048845553512188
958,19.14,-0.2617962386433718,958,19.14,0.02566022861505562,958,19.14,0.6292411568900372
959,19.16,-0.5864661772749251,959,19.16,0.24484155856831785,959,19.16,0.6553718287760775
960,19.18,0.009381401962493562,960,19.18,-0.04037418976195064,960,19.18,0.7609298615780493
961,19.2,-0.2436892949691283,961,19.2,0.1550124228000259,961,19.2,0.7164543414823913
962,19.22,-0.05292364268229274,962,19.22,-0.10344531865611212,962,19.22,0.838896319713882
963,19.240000000000002,-0.3502133513330158,963,19.240000000000002,-0.03592999906546707,963,19.240000000000002,0.7337286382268897
964,19.26,-0.569470132663762,964,19.26,-0.24215023490378002,964,19.26,0.7736974955383018
965,19.28,-0.9444093967001673,965,19.28,-0.036666846667730374,965,19.28,0.6127892937369414
966,19.3,-1.0034583772662022,966,19.3,0.22168431534749808,966,19.3,0.5639234936537515
967,19.32,-0.9554080344340482,967,19.32,0.10872170631150406,967,19.32,0.29421920405901975
968,19.34,-0.7129399402200248,968,19.34,-0.46274434087001337,968,19.34,0.30991863570988193
969,19.36,-0.7404060401857585,969,19.36,0.11651096739816338,969,19.36,0.16305006527410457
970,19.38,-0.5000391863703606,970,19.38,-0.9071396573773404,970,19.38,0.5434891179305452
971,19.400000000000002,-0.3728438791332554,971,19.400000000000002,2.21235431244159,971,19.400000000000002,0.2694264922789334
972,19.42,-1.0886169944823032,972,19.42,0.5136137783325105,972,19.42,0.2632862961690648
973,19.44,-2.8003467817236314,973,19.44,0.0028626790726023017,973,19.44,-0.09228015155461423
974,19.46,2.1052145446892467,974,19.46,0.2654425180945822,974,19.46,0.6390496157921106
975,19.48,-0.6173805763899329,975,19.48,0.16108118316954345,975,19.48,-0.6691478814708237
976,19.5,0.18284828758629285,976,19.5,0.2793248858372368,976,19.5,-1.4850818217183899
977,19.52,-0.2894608485998081,977,19.52,0.19401398747146004,977,19.52,0.19087325651624554
978,19.54,0.25269922934248934,978,19.54,0.13865054724045897,978,19.54,-0.13054566245287677
979,19.56,0.029264115592137863,979,19.56,0.05401905193895298,979,19.56,0.43845835417674084
980,19.580000000000002,0.48166210601548487,980,19.580000000000002,-0.07429701732757324,980,19.580000000000002,0.3416831563336212
981,19.6,0.08145674664825583,981,19.6,-0.12777144227683757,981,19.6,0.7559904037393749
982,19.62,0.2754964843002162,982,19.62,-0.20908354185164715,982,19.62,0.5719959011024828
983,19.64,-0.5132319356990447,983,19.64,-0.14521230004760383,983,19.64,0.7816516427861379
984,19.66,-0.24696033408164095,984,19.66,-0.5022324080524236,984,19.66,0.5497649887656931
985,19.68,-1.0041594794963637,985,19.68,-0.5295495091280323,985,19.68,0.6376494928440952
986,19.7,-0.42472526667970745,986,19.7,-0.4543008816722211,986,19.7,0.3777711271927548
987,19.72,-1.1486987183582815,987,19.72,0.15128403228084059,987,19.72,0.5915026104485398
988,19.740000000000002,-0.2448277843162505,988,19.740000000000002,-0.8032822292933559,988,19.740000000000002,0.4776793047232965
989,19.76,-0.9648583732216656,989,19.76,-0.35199466505748495,989,19.76,0.7427013292602204
990,19.78,0.3256530551093407,990,19.78,-0.9816246733453189,990,19.78,0.2610826958122589
991,19.8,-2.8620644739205674,991,19.8,-0.18163053426997042,991,19.8,0.35649885907928697
992,19.82,0.14877542288557274,992,19.82,1.6620688721682966,992,19.82,0.27427814599165756
993,19.84,1.4121016436931457,993,19.84,-0.6476307845455966,993,19.84,1.006169084392067
994,19.86,-0.6309425216904259,994,19.86,0.06729946102674877,994,19.86,-1.07390316621597
995,19.88,0.5364769949766427,995,19.88,-0.3450126363538494,995,19.88,0.32448431645667203
996,19.900000000000002,-0.10491163011562511,996,19.900000000000002,0.0031964924088651895,996,19.900000000000002,0.8968308375350517
997,19.92,0.4981537723676986,997,19.92,-0.332698740974852,997,19.92,0.9496027827798854
998,19.94,0.2539306921931506,998,19.94,-0.1311902733691914,998,19.94,1.0246893224974343
999,19.96,0.660689687742192,999,19.96,-0.34292116714626913,999,19.96,0.9819727813117243
1000,19.98,0.2656651987199405,1000,19.98,-0.14639294351604556,1000,19.98,0.7890425495919452
