sample,time,resp,sample,time,resp,sample,time,resp
1,0.0,0.19862984453713084,1,0.0,-0.08926846484710325,1,0.0,0.19793752899053682
2,0.02,0.19862984453713084,2,0.02,-0.08856228591658823,2,0.02,0.19831763045977718
3,0.04,0.19736437469944493,3,0.04,-0.08714992805556084,3,0.04,0.1992678841328784
4,0.06,0.20485984989189254,4,0.06,-0.08856228591658823,4,0.06,0.20458930470224546
5,0.08,0.20427578688988354,5,0.08,-0.08714992805556084,5,0.08,0.24079396964740177
6,0.1,0.20408109922254733,6,0.1,-0.08926846484710325,6,0.1,0.29571863195265313
7,0.12,0.21089516757931803,7,0.12,-0.08856228591658823,7,0.12,0.33154319542856875
8,0.14,0.21011641690997282,8,0.14,-0.08432521233350337,8,0.14,0.34437162001543525
9,0.16,0.20408109922254733,9,0.16,-0.08926846484710325,9,0.16,0.3989161808514456
10,0.18,0.20466516222455633,10,0.18,-0.09209318056916072,10,0.18,0.441582570773691
11,0.2,0.20408109922254733,11,0.2,-0.08926846484710325,11,0.2,0.4780723118207776
12,0.22,0.1917184323466922,12,0.22,-0.08714992805556084,12,0.22,0.5081953532580865
13,0.24,0.19132905701201944,13,0.24,-0.08432521233350337,13,0.24,0.5272954520874216
14,0.26,0.18529373932459428,14,0.26,-0.08926846484710325,14,0.26,0.5578936203612805
15,0.28,0.17906373396983258,15,0.28,-0.08714992805556084,15,0.28,0.5873514842274185
16,0.3,0.179453109304505,16,0.3,-0.082912854472476,16,0.3,0.6120580797280505
17,0.32,0.17215232177939394,17,0.32,-0.08856228591658823,17,0.32,0.6233660984379549
18,0.34,0.179453109304505,18,0.34,-0.08856228591658823,18,0.34,0.6605210170562131
19,0.36,0.17234700944673015,19,0.36,-0.08926846484710325,19,0.36,0.6851325871895347
20,0.38,0.18587780232660328,20,0.38,-0.08714992805556084,20,0.38,0.7154456793614639
21,0.4,0.20408109922254733,21,0.4,-0.08856228591658823,21,0.4,0.7213372521346915
22,0.42,0.22948783980993487,22,0.42,-0.09068082270813334,22,0.42,0.7393920719236146
23,0.44,0.25508926806465865,23,0.44,-0.09209318056916072,23,0.44,0.7392020211889944
24,0.46,0.27329256496060267,24,0.46,-0.08432521233350337,24,0.46,0.7271337995406085
25,0.48,0.28672601400680753,25,0.48,-0.08926846484710325,25,0.48,0.6963455805321294
26,0.5,0.31758400927961156,26,0.5,-0.09068082270813334,26,0.5,0.6786708622124467
27,0.52,0.33695543217957363,27,0.52,-0.08856228591658823,27,0.52,0.6241263013764363
28,0.54,0.3613887344302801,28,0.54,-0.08573757019453346,28,0.54,0.5697717912750462
29,0.56,0.37550359031216185,29,0.56,-0.08432521233350337,29,0.56,0.5081953532580865
30,0.58,0.3935121995407693,30,0.58,-0.08856228591658823,30,0.58,0.4780723118207776
31,0.6,0.40616689791762933,31,0.6,-0.08856228591658823,31,0.6,0.41003414882673045
32,0.62,0.4187242524608207,32,0.62,-0.08573757019453346,32,0.62,0.3621413637024284
33,0.64,0.4311842631703441,33,0.64,-0.08714992805556084,33,0.64,0.32004512598404417
34,0.66,0.44325489854519506,34,0.66,-0.08856228591658823,34,0.66,0.30759680286641805
35,0.68,0.45600694075572296,35,0.68,-0.08926846484710325,35,0.68,0.2764284823886979
36,0.7000000000000001,0.4626263214451571,36,0.7000000000000001,-0.08573757019453346,36,0.7000000000000001,0.252292039091927
37,0.72,0.46807757613057327,37,0.72,-0.08856228591658823,37,0.72,0.23471234613955433
38,0.74,0.46953773363559576,38,0.74,-0.08856228591658823,38,0.74,0.2164674756160107
39,0.76,0.46807757613057327,39,0.76,-0.08856228591658823,39,0.76,0.21019580137354277
40,0.78,0.45620162842305884,40,0.78,-0.08714992805556084,40,0.78,0.20373407639645433
41,0.8,0.4505556860703061,41,0.8,-0.08856228591658823,41,0.8,0.2166575263506309
42,0.8200000000000001,0.43040551250099923,42,0.8200000000000001,-0.09209318056916072,42,0.8200000000000001,0.20981569990430207
43,0.84,0.41833487712614825,43,0.84,-0.08573757019453346,43,0.84,0.2109560043120235
44,0.86,0.4057775225829569,44,0.86,-0.08714992805556084,44,0.86,0.2464004663186994
45,0.88,0.3991581418935227,45,0.88,-0.08856228591658823,45,0.88,0.29533853048341213
46,0.9,0.3801760943282331,46,0.9,-0.08714992805556084,46,0.9,0.33154319542856875
47,0.92,0.36236217276696153,47,0.92,-0.08926846484710325,47,0.92,0.34988309131942247
48,0.9400000000000001,0.3426013745323263,48,0.9400000000000001,-0.08856228591658823,48,0.9400000000000001,0.37458968682005456
49,0.96,0.33053073915747605,49,0.96,-0.08432521233350337,49,0.96,0.40556795656315453
50,0.98,0.30492931090275227,50,0.98,-0.08714992805556084,50,0.98,0.42305262414821715
51,1.0,0.2799119456500375,51,1.0,-0.08714992805556084,51,1.0,0.4470940420776782
52,1.02,0.26131927341942035,52,1.02,-0.08714992805556084,52,1.02,0.4601125173991649
53,1.04,0.24905395037723316,53,1.04,-0.08432521233350337,53,1.04,0.489760431999923
54,1.06,0.22257642761949625,54,1.06,-0.08714992805556084,54,1.06,0.5271054013528007
55,1.08,0.20447047455722012,55,1.08,-0.08714992805556084,55,1.08,0.5625498633594767
56,1.1,0.2036917238878749,56,1.1,-0.08432521233350337,56,1.1,0.5690115883365647
57,1.12,0.2036917238878749,57,1.12,-0.08714992805556084,57,1.12,0.5992296551411841
58,1.1400000000000001,0.1982404692024584,58,1.1400000000000001,-0.08856228591658823,58,1.1400000000000001,0.6243163521110565
59,1.16,0.20427578688988354,59,1.16,-0.08714992805556084,59,1.16,0.6488328968770677
60,1.18,0.21147923058132703,60,1.18,-0.08432521233350337,60,1.18,0.6549145203849155
61,1.2,0.22306314678783695,61,1.2,-0.08926846484710325,61,1.2,0.6543443681810549
62,1.22,0.2486645750425607,62,1.22,-0.09068082270813334,62,1.22,0.64246619726729
63,1.24,0.27407131562994824,63,1.24,-0.08573757019453346,63,1.24,0.6243163521110565
64,1.26,0.29889399321532645,64,1.26,-0.08573757019453346,64,1.26,0.569581740540426
65,1.28,0.3117433792595223,65,1.28,-0.08926846484710325,65,1.28,0.545065195774414
66,1.3,0.3430880937006674,66,1.3,-0.09209318056916072,66,1.3,0.47721708351498643
67,1.32,0.36742405211770524,67,1.32,-0.08573757019453346,67,1.32,0.42305262414821715
68,1.34,0.3811495326649146,68,1.34,-0.08926846484710325,68,1.34,0.38570765479533875
69,1.36,0.39302548037242896,69,1.36,-0.08856228591658823,69,1.36,0.36195131296780825
70,1.3800000000000001,0.40597221025029273,70,1.3800000000000001,-0.08714992805556084,70,1.3800000000000001,0.3387651233441383
71,1.4000000000000001,0.40538814724828376,71,1.4000000000000001,-0.08573757019453346,71,1.4000000000000001,0.30778685360103825
72,1.42,0.41161815260304546,72,1.42,-0.08714992805556084,72,1.42,0.2902071606486659
73,1.44,0.42437019481357335,73,1.44,-0.08856228591658823,73,1.44,0.283270308835027
74,1.46,0.42456488248090996,74,1.46,-0.08573757019453346,74,1.46,0.2647403622095531
75,1.48,0.41833487712614825,75,1.48,-0.08714992805556084,75,1.48,0.252292039091927
76,1.5,0.4055828349156203,76,1.5,-0.09068082270813334,76,1.5,0.25343234349964805
77,1.52,0.4051934595809479,77,1.52,-0.08573757019453346,77,1.52,0.2476357960937309
78,1.54,0.3937068872081059,78,1.54,-0.082912854472476,78,1.54,0.25884878943632555
79,1.56,0.3741407766408073,79,1.56,-0.08714992805556084,79,1.56,0.3072167013971777
80,1.58,0.3683001466207187,80,1.58,-0.08856228591658823,80,1.58,0.37439963608543436
81,1.6,0.34912341138809255,81,1.6,-0.08926846484710325,81,1.6,0.43540592189853283
82,1.62,0.3365660568449012,82,1.62,-0.08714992805556084,82,1.62,0.4653389126012215
83,1.6400000000000001,0.31719463394493913,83,1.6400000000000001,-0.09068082270813334,83,1.6400000000000001,0.5202635749064722
84,1.6600000000000001,0.3057080615720972,84,1.6600000000000001,-0.09209318056916072,84,1.6600000000000001,0.562929964828717
85,1.68,0.2983099302133175,85,1.68,-0.08714992805556084,85,1.68,0.5997998073450446
86,1.7,0.28672601400680753,86,1.7,-0.08714992805556084,86,1.7,0.61148792752419
87,1.72,0.2671599034395093,87,1.72,-0.08714992805556084,87,1.72,0.6363845737594416
88,1.74,0.23552315749736036,88,1.74,-0.08926846484710325,88,1.74,0.6669827420333012
89,1.76,0.22987721514460732,89,1.76,-0.08714992805556084,89,1.76,0.684657460352984
90,1.78,0.20408109922254733,90,1.78,-0.08432521233350337,90,1.78,0.7150655778922235
91,1.8,0.19736437469944493,91,1.8,-0.08926846484710325,91,1.8,0.7152556286268437
92,1.82,0.1856831146592667,92,1.82,-0.09209318056916072,92,1.82,0.7404373509640259
93,1.84,0.19152374467935598,93,1.84,-0.08714992805556084,93,1.84,0.7519354204085511
94,1.86,0.1980457815351222,94,1.86,-0.08432521233350337,94,1.86,0.7521254711431713
95,1.8800000000000001,0.20524922522656533,95,1.8800000000000001,-0.09209318056916072,95,1.8800000000000001,0.7466139998391841
96,1.9000000000000001,0.22306314678783695,96,1.9000000000000001,-0.08856228591658823,96,1.9000000000000001,0.7092690304863056
97,1.92,0.22306314678783695,97,1.92,-0.08714992805556084,97,1.92,0.6412308674922579
98,1.94,0.2359125328320328,98,1.94,-0.08714992805556084,98,1.94,0.5690115883365647
99,1.96,0.2419478505194583,99,1.96,-0.09068082270813334,99,1.96,0.5206436763757126
100,1.98,0.2419478505194583,100,1.98,-0.08856228591658823,100,1.98,0.42856409545220436
101,2.0,0.25489458039732243,101,2.0,-0.08432521233350337,101,2.0,0.362711515906289
102,2.02,0.2667705281048368,102,2.02,-0.08856228591658823,102,2.02,0.31966502451480383
103,2.04,0.2863366386721351,103,2.04,-0.08856228591658823,103,2.04,0.28925690697556433
104,2.06,0.29869930554799057,104,2.06,-0.08714992805556084,104,2.06,0.283270308835027
105,2.08,0.3173893216122757,105,2.08,-0.08432521233350337,105,2.08,0.2532422927650279
106,2.1,0.349512786722765,106,2.1,-0.08856228591658823,106,2.1,0.24022381744354124
107,2.12,0.36099935909560693,107,2.12,-0.09068082270813334,107,2.12,0.22834564652977596
108,2.14,0.38076015733024215,108,2.14,-0.08573757019453346,108,2.14,0.22245407375654838
109,2.16,0.39263610503775653,109,2.16,-0.09068082270813334,109,2.16,0.21057590284278313
110,2.18,0.3995475172281952,110,2.18,-0.08573757019453346,110,2.18,0.19109570254420802
111,2.2,0.4057775225829569,111,2.2,-0.08432521233350337,111,2.2,0.1795976330996831
112,2.22,0.411812840270382,112,2.22,-0.09209318056916072,112,2.22,0.1799777345689238
113,2.24,0.41220221560505443,113,2.24,-0.09209318056916072,113,2.24,0.17361103495914545
114,2.2600000000000002,0.41161815260304546,114,2.2600000000000002,-0.082912854472476,114,2.2600000000000002,0.16695925924743682
115,2.2800000000000002,0.39993689256286763,115,2.2800000000000002,-0.08714992805556084,115,2.2800000000000002,0.16106768647420922
116,2.3000000000000003,0.3935121995407693,116,2.3000000000000003,-0.09209318056916072,116,2.3000000000000003,0.16268311771848143
117,2.32,0.38786625718801665,117,2.32,-0.08714992805556084,117,2.32,0.14937956629506416
118,2.34,0.37433546430814385,118,2.34,-0.082912854472476,118,2.34,0.14301286668528612
119,2.36,0.36216748509962493,119,2.36,-0.08714992805556084,119,2.36,0.16087763573958905
120,2.38,0.3434774690353398,120,2.38,-0.08926846484710325,120,2.38,0.22321427669502944
121,2.4,0.3493180990554291,121,2.4,-0.08856228591658823,121,2.4,0.25884878943632555
122,2.42,0.33072542682481193,122,2.42,-0.08432521233350337,122,2.42,0.3017052300931905
123,2.44,0.3173893216122757,123,2.44,-0.09068082270813334,123,2.44,0.34399151854619486
124,2.46,0.3059027492394337,124,2.46,-0.09068082270813334,124,2.46,0.3929295827109083
125,2.48,0.299088680882663,125,2.48,-0.08432521233350337,125,2.48,0.4161157723345782
126,2.5,0.2869207016741441,126,2.5,-0.08926846484710325,126,2.5,0.44785424501615895
127,2.52,0.27329256496060267,127,2.52,-0.09209318056916072,127,2.52,0.4838688592266954
128,2.54,0.26151396108675656,128,2.54,-0.08573757019453346,128,2.54,0.5204536256410924
129,2.56,0.2492486380445697,129,2.56,-0.08432521233350337,129,2.56,0.5631200155633371
130,2.58,0.23552315749736036,130,2.58,-0.08926846484710325,130,2.58,0.5749981864771028
131,2.6,0.2419478505194583,131,2.6,-0.08573757019453346,131,2.6,0.6057864054855826
132,2.62,0.2480805120405517,132,2.62,-0.08573757019453346,132,2.62,0.641801019696119
133,2.64,0.2541158297279772,133,2.64,-0.08926846484710325,133,2.64,0.672779289439219
134,2.66,0.2671599034395093,134,2.66,-0.08714992805556084,134,2.66,0.6909291345954519
135,2.68,0.2671599034395093,135,2.68,-0.08714992805556084,135,2.68,0.7086988782824452
136,2.7,0.2799119456500375,136,2.7,-0.08926846484710325,136,2.7,0.7031874069784578
137,2.72,0.27952257031536437,137,2.72,-0.08926846484710325,137,2.72,0.684657460352984
138,2.74,0.2742660032972841,138,2.74,-0.08573757019453346,138,2.74,0.6671727927679214
139,2.7600000000000002,0.266965215772173,139,2.7600000000000002,-0.08926846484710325,139,2.7600000000000002,0.6482627446732072
140,2.7800000000000002,0.26803599794252275,140,2.7800000000000002,-0.09068082270813334,140,2.7800000000000002,0.6537742159771944
141,2.8000000000000003,0.279717257982701,141,2.8000000000000003,-0.08856228591658823,141,2.8000000000000003,0.642086095798049
142,2.82,0.279717257982701,142,2.82,-0.082912854472476,142,2.82,0.6360044722902012
143,2.84,0.27465537863195727,143,2.84,-0.08926846484710325,143,2.84,0.6241263013764363
144,2.86,0.27309787729326684,144,2.86,-0.08714992805556084,144,2.86,0.6055963547509624
145,2.88,0.26764662260785,145,2.88,-0.08573757019453346,145,2.88,0.5744280342732422
146,2.9,0.28575257567012613,146,2.9,-0.08714992805556084,146,2.9,0.5639752438691283
147,2.92,0.28672601400680753,147,2.92,-0.08926846484710325,147,2.92,0.5627399140940968
148,2.94,0.2983099302133175,148,2.94,-0.08150049661144591,148,2.94,0.5635001170325782
149,2.96,0.3055133739047613,149,2.96,-0.08856228591658823,149,2.96,0.5575135188920401
150,2.98,0.3235219831333688,150,2.98,-0.08714992805556084,150,2.98,0.5446850943051738
151,3.0,0.34201731153031734,151,3.0,-0.08432521233350337,151,3.0,0.5387935215319462
152,3.02,0.36236217276696153,152,3.02,-0.08573757019453346,152,3.02,0.5137068245620737
153,3.04,0.37433546430814385,153,3.04,-0.09209318056916072,153,3.04,0.5023988058521693
154,3.06,0.3935121995407693,154,3.06,-0.08714992805556084,154,3.06,0.48424896069593576
155,3.08,0.4120075279377186,155,3.08,-0.08856228591658823,155,3.08,0.4655289633358417
156,3.1,0.42456488248090996,156,3.1,-0.08926846484710325,156,3.1,0.4291342476560649
157,3.12,0.43137895083768063,157,3.12,-0.08714992805556084,157,3.12,0.3931196334455284
158,3.14,0.44354693004619955,158,3.14,-0.08150049661144591,158,3.14,0.35624979092920084
159,3.16,0.4501663107356337,159,3.16,-0.08926846484710325,159,3.16,0.33154319542856875
160,3.18,0.4558122530883864,160,3.18,-0.08573757019453346,160,3.18,0.319855075249424
161,3.2,0.44997162306829713,161,3.2,-0.08926846484710325,161,3.2,0.30759680286641805
162,3.22,0.4507503737376427,162,3.22,-0.09209318056916072,162,3.22,0.2894469577101845
163,3.24,0.44354693004619955,163,3.24,-0.08714992805556084,163,3.24,0.2771886853271793
164,3.2600000000000002,0.43098957550300754,164,3.2600000000000002,-0.08714992805556084,164,3.2600000000000002,0.2649304129441733
165,3.2800000000000002,0.43040551250099923,165,3.2800000000000002,-0.08926846484710325,165,3.2800000000000002,0.25989406847673685
166,3.3000000000000003,0.41239690327239104,166,3.3000000000000003,-0.09068082270813334,166,3.3000000000000003,0.2595139670074965
167,3.3200000000000003,0.4057775225829569,167,3.3200000000000003,-0.08856228591658823,167,3.3200000000000003,0.2582786372324643
168,3.34,0.3995475172281952,168,3.34,-0.08926846484710325,168,3.34,0.26550056514803383
169,3.36,0.38699016268500386,169,3.36,-0.08714992805556084,169,3.36,0.2771886853271793
170,3.38,0.37978671899356,170,3.38,-0.08432521233350337,170,3.38,0.30189528082781064
171,3.4,0.3619727974322884,171,3.4,-0.08714992805556084,171,3.4,0.3376248189364165
172,3.42,0.35476935374084523,172,3.42,-0.08573757019453346,172,3.42,0.36195131296780825
173,3.44,0.3497074743901015,173,3.44,-0.08432521233350337,173,3.44,0.362711515906289
174,3.46,0.3487340360534201,174,3.46,-0.08714992805556084,174,3.46,0.37401953461619397
175,3.48,0.3359819938428922,175,3.48,-0.08714992805556084,175,3.48,0.37439963608543436
176,3.5,0.3365660568449012,176,3.5,-0.08573757019453346,176,3.5,0.3689831901487576
177,3.52,0.33676074451223775,177,3.52,-0.09068082270813334,177,3.52,0.37458968682005456
178,3.54,0.31807072844795264,178,3.54,-0.08573757019453346,178,3.54,0.3679379111083462
179,3.56,0.3117433792595223,179,3.56,-0.08926846484710325,179,3.56,0.3683180125775866
180,3.58,0.3059027492394337,180,3.58,-0.08926846484710325,180,3.58,0.3806713103279023
181,3.6,0.3045399355680792,181,3.6,-0.08432521233350337,181,3.6,0.38703800993768067
182,3.62,0.3060974369067696,182,3.62,-0.08856228591658823,182,3.62,0.4048077536246732
183,3.64,0.29869930554799057,183,3.64,-0.08926846484710325,183,3.64,0.4289441969214447
184,3.66,0.3057080615720972,184,3.66,-0.08714992805556084,184,3.66,0.4542209446259373
185,3.68,0.3043452479007433,185,3.68,-0.09209318056916072,185,3.68,0.4714205361090693
186,3.7,0.331114802159485,186,3.7,-0.08432521233350337,186,3.7,0.4655289633358417
187,3.72,0.3363713691775646,187,3.72,-0.09068082270813334,187,3.72,0.47161058684368945
188,3.74,0.349512786722765,188,3.74,-0.09068082270813334,188,3.74,0.47180063757830965
189,3.7600000000000002,0.35535341674285426,189,3.7600000000000002,-0.08150049661144591,189,3.7600000000000002,0.4540308938913171
190,3.7800000000000002,0.3749195273101529,190,3.7800000000000002,-0.08926846484710325,190,3.7800000000000002,0.4472840928122984
191,3.8000000000000003,0.3866007873503307,191,3.8000000000000003,-0.08573757019453346,191,3.8000000000000003,0.4053779058285344
192,3.8200000000000003,0.40616689791762933,192,3.8200000000000003,-0.08573757019453346,192,3.8200000000000003,0.3691732408833777
193,3.84,0.411812840270382,193,3.84,-0.08856228591658823,193,3.84,0.3311630939593284
194,3.86,0.43137895083768063,194,3.86,-0.08432521233350337,194,3.86,0.30778685360103825
195,3.88,0.44977693540096125,195,3.88,-0.09068082270813334,195,3.88,0.2771886853271793
196,3.9,0.46282100911249296,196,3.9,-0.08856228591658823,196,3.9,0.26455031147493296
197,3.92,0.46749351312856424,197,3.92,-0.08926846484710325,197,3.92,0.24060391891278193
198,3.94,0.48783837436520844,198,3.94,-0.08856228591658823,198,3.94,0.23575762517996565
199,3.96,0.4872543113631994,199,3.96,-0.08714992805556084,199,3.96,0.23452229540493383
200,3.98,0.5009797919104088,200,3.98,-0.08926846484710325,200,3.98,0.23471234613955433
201,4.0,0.4876436866978719,201,4.0,-0.08714992805556084,201,4.0,0.22853569726439615
202,4.0200000000000005,0.4876436866978719,202,4.0200000000000005,-0.08714992805556084,202,4.0200000000000005,0.22264412449116858
203,4.04,0.47459961298633946,203,4.04,-0.08714992805556084,203,4.04,0.22321427669502944
204,4.0600000000000005,0.46243163377782054,204,4.0600000000000005,-0.08926846484710325,204,4.0600000000000005,0.21599234877945994
205,4.08,0.4620422584431481,205,4.08,-0.09633025415224826,205,4.08,0.21627742488139054
206,4.1,0.43721958085776924,206,4.1,-0.08714992805556084,206,4.1,0.22264412449116858
207,4.12,0.4189189401281572,207,4.12,-0.08856228591658823,207,4.12,0.2170376278198716
208,4.14,0.40597221025029273,208,4.14,-0.08856228591658823,208,4.14,0.21019580137354277
209,4.16,0.39302548037242896,209,4.16,-0.09209318056916072,209,4.16,0.21580229804483975
210,4.18,0.380954844997578,210,4.18,-0.08432521233350337,210,4.18,0.22853569726439615
211,4.2,0.36722936445036863,211,4.2,-0.08926846484710325,211,4.2,0.265690615882654
212,4.22,0.3557427920775267,212,4.22,-0.08856228591658823,212,4.22,0.28422056250812794
213,4.24,0.3557427920775267,213,4.24,-0.08926846484710325,213,4.24,0.3309730432247082
214,4.26,0.3426013745323263,214,4.26,-0.08856228591658823,214,4.26,0.38646785773382014
215,4.28,0.3239113584680412,215,4.28,-0.08926846484710325,215,4.28,0.43540592189853283
216,4.3,0.3053186862374247,216,4.3,-0.08573757019453346,216,4.3,0.4474741435469186
217,4.32,0.29198258102488783,217,4.32,-0.08714992805556084,217,4.32,0.48367880849207523
218,4.34,0.26735459110684584,218,4.34,-0.09209318056916072,218,4.34,0.5209287524776431
219,4.36,0.2546998927299862,219,4.36,-0.08856228591658823,219,4.36,0.538603470797326
220,4.38,0.2426292573551352,220,4.38,-0.08432521233350337,220,4.38,0.5512418446495723
221,4.4,0.24827519970788794,221,4.4,-0.08714992805556084,221,4.4,0.5508617431803319
222,4.42,0.2607352104174113,222,4.42,-0.08432521233350337,222,4.42,0.5444950435705536
223,4.44,0.28030132098470995,223,4.44,-0.08714992805556084,223,4.44,0.5328069233914081
224,4.46,0.29801789871231366,224,4.46,-0.08926846484710325,224,4.46,0.5027789073214096
225,4.48,0.31135400392484985,225,4.48,-0.08856228591658823,225,4.48,0.48367880849207523
226,4.5,0.3365660568449012,226,4.5,-0.08432521233350337,226,4.5,0.4291342476560649
227,4.5200000000000005,0.35535341674285426,227,4.5200000000000005,-0.08432521233350337,227,4.5200000000000005,0.3806713103279023
228,4.54,0.36781342745237766,228,4.54,-0.08714992805556084,228,4.54,0.3389551740787584
229,4.5600000000000005,0.37433546430814385,229,4.5600000000000005,-0.082912854472476,229,4.5600000000000005,0.3319232968978098
230,4.58,0.39974220489553103,230,4.58,-0.08714992805556084,230,4.58,0.29495842901417174
231,4.6000000000000005,0.4120075279377186,231,4.6000000000000005,-0.08714992805556084,231,4.6000000000000005,0.276618533123318
232,4.62,0.43021082483366263,232,4.62,-0.08150049661144591,232,4.62,0.2530522420304077
233,4.64,0.4441309930482086,233,4.64,-0.09209318056916072,233,4.64,0.2404138681781614
234,4.66,0.4558122530883864,234,4.66,-0.08856228591658823,234,4.66,0.2281555957951558
235,4.68,0.46243163377782054,235,4.68,-0.08926846484710325,235,4.68,0.2096256491696819
236,4.7,0.46243163377782054,236,4.7,-0.08926846484710325,236,4.7,0.20981569990430207
237,4.72,0.455422877753714,237,4.72,-0.08714992805556084,237,4.72,0.2292959002028772
238,4.74,0.4505556860703061,238,4.74,-0.08926846484710325,238,4.74,0.23452229540493383
239,4.76,0.4493875600662881,239,4.76,-0.08008813875041854,239,4.76,0.24602036484945905
240,4.78,0.4374142685251058,240,4.78,-0.09209318056916072,240,4.78,0.2530522420304077
241,4.8,0.43098957550300754,241,4.8,-0.082912854472476,241,4.8,0.2777588375310398
242,4.82,0.41833487712614825,242,4.82,-0.08926846484710325,242,4.82,0.28925690697556433
243,4.84,0.39409626254277835,243,4.84,-0.082912854472476,243,4.84,0.319855075249424
244,4.86,0.3745301519754804,244,4.86,-0.08714992805556084,244,4.86,0.36176126223318805
245,4.88,0.36216748509962493,245,4.88,-0.08573757019453346,245,4.88,0.4048077536246732
246,4.9,0.32410604613537775,246,4.9,-0.08573757019453346,246,4.9,0.4107943517652112
247,4.92,0.2932480508625737,247,4.92,-0.09068082270813334,247,4.92,0.45327069095283573
248,4.94,0.2617086487540928,248,4.94,-0.08432521233350337,248,4.94,0.4840589099613156
249,4.96,0.25508926806465865,249,4.96,-0.09068082270813334,249,4.96,0.5142769767659342
250,4.98,0.2419478505194583,250,4.98,-0.08714992805556084,250,4.98,0.538603470797326
251,5.0,0.2486645750425607,251,5.0,-0.082912854472476,251,5.0,0.545065195774414
252,5.0200000000000005,0.26131927341942035,252,5.0200000000000005,-0.09209318056916072,252,5.0200000000000005,0.5567533159535595
253,5.04,0.26092989808474754,253,5.04,-0.08432521233350337,253,5.04,0.5682513853980841
254,5.0600000000000005,0.2736819402952758,254,5.0600000000000005,-0.08573757019453346,254,5.0600000000000005,0.5746180850078624
255,5.08,0.28614195100479856,255,5.08,-0.08714992805556084,255,5.08,0.569581740540426
256,5.1000000000000005,0.3173893216122757,256,5.1000000000000005,-0.08573757019453346,256,5.1000000000000005,0.5693916898058058
257,5.12,0.3235219831333688,257,5.12,-0.09068082270813334,257,5.12,0.5565632652189393
258,5.14,0.34367215670267637,258,5.14,-0.08432521233350337,258,5.14,0.545065195774414
259,5.16,0.36119404676294353,259,5.16,-0.09209318056916072,259,5.16,0.539743775205047
260,5.18,0.380370781995569,260,5.18,-0.08432521233350337,260,5.18,0.5081953532580865
261,5.2,0.38056546966290555,261,5.2,-0.08926846484710325,261,5.2,0.4712304853744491
262,5.22,0.39263610503775653,262,5.22,-0.08856228591658823,262,5.22,0.44215272297755154
263,5.24,0.3995475172281952,263,5.24,-0.08432521233350337,263,5.24,0.4044276521554328
264,5.26,0.41220221560505443,264,5.26,-0.08856228591658823,264,5.26,0.3808613610625225
265,5.28,0.4114234649357096,265,5.28,-0.08573757019453346,265,5.28,0.34988309131942247
266,5.3,0.4055828349156203,266,5.3,-0.08714992805556084,266,5.3,0.32004512598404417
267,5.32,0.39974220489553103,267,5.32,-0.08856228591658823,267,5.32,0.2896370084448047
268,5.34,0.3866007873503307,268,5.34,-0.08856228591658823,268,5.34,0.2769986345925584
269,5.36,0.3862114120156583,269,5.36,-0.08714992805556084,269,5.36,0.24697061852255994
270,5.38,0.3745301519754804,270,5.38,-0.08150049661144591,270,5.38,0.23452229540493383
271,5.4,0.34912341138809255,271,5.4,-0.09068082270813334,271,5.4,0.2464004663186994
272,5.42,0.31846010378262507,272,5.42,-0.08714992805556084,272,5.42,0.25932391627287565
273,5.44,0.298504617880654,273,5.44,-0.09209318056916072,273,5.44,0.28365041030426735
274,5.46,0.26764662260785,274,5.46,-0.08432521233350337,274,5.46,0.3319232968978098
275,5.48,0.22987721514460732,275,5.48,-0.08926846484710325,275,5.48,0.3686030886795165
276,5.5,0.20408109922254733,276,5.5,-0.08856228591658823,276,5.5,0.40499780435929333
277,5.5200000000000005,0.19239983918236914,277,5.5200000000000005,-0.08432521233350337,277,5.5200000000000005,0.4237178017193881
278,5.54,0.16611700409196845,278,5.54,-0.09068082270813334,278,5.54,0.4538408431566963
279,5.5600000000000005,0.16047106173921574,279,5.5600000000000005,-0.08432521233350337,279,5.5600000000000005,0.4840589099613156
280,5.58,0.1792584216371688,280,5.58,-0.08856228591658823,280,5.58,0.5080053025234663
281,5.6000000000000005,0.18587780232660328,281,5.6000000000000005,-0.08432521233350337,281,5.6000000000000005,0.5142769767659342
282,5.62,0.21089516757931803,282,5.62,-0.08432521233350337,282,5.62,0.5274855028220418
283,5.64,0.23610722049936902,283,5.64,-0.08432521233350337,283,5.64,0.5389835722665663
284,5.66,0.2546998927299862,284,5.66,-0.08714992805556084,284,5.66,0.52634519841432
285,5.68,0.26735459110684584,285,5.68,-0.08926846484710325,285,5.68,0.5196934227026117
286,5.7,0.28614195100479856,286,5.7,-0.082912854472476,286,5.7,0.489760431999923
287,5.72,0.30492931090275227,287,5.72,-0.08926846484710325,287,5.72,0.4413925200390708
288,5.74,0.32430073380271435,288,5.74,-0.08150049661144591,288,5.74,0.3862778069991993
289,5.76,0.3359819938428922,289,5.76,-0.08714992805556084,289,5.76,0.3257466480226516
290,5.78,0.34912341138809255,290,5.78,-0.08573757019453346,290,5.78,0.3013251286239501
291,5.8,0.36119404676294353,291,5.8,-0.08856228591658823,291,5.8,0.25913386553825546
292,5.82,0.380370781995569,292,5.82,-0.08432521233350337,292,5.82,0.2352824983434149
293,5.84,0.3866007873503307,293,5.84,-0.08926846484710325,293,5.84,0.2166575263506309
294,5.86,0.39302548037242896,294,5.86,-0.08573757019453346,294,5.86,0.21019580137354277
295,5.88,0.3993528295608586,295,5.88,-0.08856228591658823,295,5.88,0.21019580137354277
296,5.9,0.39263610503775653,296,5.9,-0.08856228591658823,296,5.9,0.2170376278198716
297,5.92,0.38640609968299483,297,5.92,-0.08714992805556084,297,5.92,0.22302422596040927
298,5.94,0.37433546430814385,298,5.94,-0.08150049661144591,298,5.94,0.22872574799901665
299,5.96,0.3684948342880546,299,5.96,-0.09068082270813334,299,5.96,0.22853569726439615
300,5.98,0.3424066868649905,300,5.98,-0.08432521233350337,300,5.98,0.21627742488139054
301,6.0,0.33072542682481193,301,6.0,-0.08856228591658823,301,6.0,0.21627742488139054
302,6.0200000000000005,0.29889399321532645,302,6.0200000000000005,-0.08432521233350337,302,6.0200000000000005,0.2043042286003152
303,6.04,0.2667705281048368,303,6.04,-0.09209318056916072,303,6.04,0.19204595621730924
304,6.0600000000000005,0.2426292573551352,304,6.0600000000000005,-0.08926846484710325,304,6.0600000000000005,0.1732309334899051
305,6.08,0.2364965958340418,305,6.08,-0.08926846484710325,305,6.08,0.16154281331076
306,6.1000000000000005,0.22364720978984595,306,6.1000000000000005,-0.08432521233350337,306,6.1000000000000005,0.15546118980291224
307,6.12,0.21011641690997282,307,6.12,-0.09491789629121818,307,6.12,0.14918951556044396
308,6.140000000000001,0.21070047991198182,308,6.140000000000001,-0.082912854472476,308,6.140000000000001,0.14377306962376718
309,6.16,0.21634642226473455,309,6.16,-0.09491789629121818,309,6.16,0.1252431229982933
310,6.18,0.23026659047928008,310,6.18,-0.08432521233350337,310,6.18,0.11887642338851491
311,6.2,0.2426292573551352,311,6.2,-0.08714992805556084,311,6.2,0.12543317373291346
312,6.22,0.26735459110684584,312,6.22,-0.08573757019453346,312,6.22,0.13769144611591908
313,6.24,0.26764662260785,313,6.24,-0.08856228591658823,313,6.24,0.20373407639645433
314,6.26,0.29266398786056474,314,6.26,-0.08573757019453346,314,6.26,0.2649304129441733
315,6.28,0.3173893216122757,315,6.28,-0.08573757019453346,315,6.28,0.32023517671866436
316,6.3,0.3361766815102288,316,6.3,-0.08432521233350337,316,6.3,0.3502631927886628
317,6.32,0.349512786722765,317,6.32,-0.08714992805556084,317,6.32,0.3862778069991993
318,6.34,0.36099935909560693,318,6.34,-0.08573757019453346,318,6.34,0.42267252267897676
319,6.36,0.3745301519754804,319,6.36,-0.08856228591658823,319,6.36,0.4536507924220761
320,6.38,0.38202562716792804,320,6.38,-0.09068082270813334,320,6.38,0.47180063757830965
321,6.4,0.3741407766408073,321,6.4,-0.08856228591658823,321,6.4,0.49033058420378356
322,6.42,0.36781342745237766,322,6.42,-0.08856228591658823,322,6.42,0.5202635749064722
323,6.44,0.3617781097649525,323,6.44,-0.08926846484710325,323,6.44,0.5508617431803319
324,6.46,0.3557427920775267,324,6.46,-0.08432521233350337,324,6.46,0.563310066297958
325,6.48,0.34824731688507904,325,6.48,-0.0935055384301908,325,6.48,0.5810798099849506
326,6.5,0.3363713691775646,326,6.5,-0.08856228591658823,326,6.5,0.5929579808987161
327,6.5200000000000005,0.3235219831333688,327,6.5200000000000005,-0.08856228591658823,327,6.5200000000000005,0.5935281331025767
328,6.54,0.3053186862374247,328,6.54,-0.08432521233350337,328,6.54,0.5753782879463432
329,6.5600000000000005,0.3053186862374247,329,6.5600000000000005,-0.09068082270813334,329,6.5600000000000005,0.5641652946037485
330,6.58,0.2859472633374627,330,6.58,-0.08432521233350337,330,6.58,0.520073524171852
331,6.6000000000000005,0.28030132098470995,331,6.6000000000000005,-0.08926846484710325,331,6.6000000000000005,0.4538408431566963
332,6.62,0.26803599794252275,332,6.62,-0.08714992805556084,332,6.62,0.3991062315860658
333,6.640000000000001,0.2546998927299862,333,6.640000000000001,-0.08926846484710325,333,6.640000000000001,0.3679379111083462
334,6.66,0.24282394502247143,334,6.66,-0.08573757019453346,334,6.66,0.3263168002265121
335,6.68,0.22987721514460732,335,6.68,-0.08856228591658823,335,6.68,0.28365041030426735
336,6.7,0.22987721514460732,336,6.7,-0.08432521233350337,336,6.7,0.25913386553825546
337,6.72,0.22325783445517317,337,6.72,-0.08856228591658823,337,6.72,0.2528621912957875
338,6.74,0.21722251676774768,338,6.74,-0.08856228591658823,338,6.74,0.23490239687417452
339,6.76,0.21031110457730903,339,6.76,-0.08714992805556084,339,6.76,0.21019580137354277
340,6.78,0.21050579224464527,340,6.78,-0.08856228591658823,340,6.78,0.19774747825591665
341,6.8,0.20466516222455633,341,6.8,-0.08573757019453346,341,6.8,0.19147580401344838
342,6.82,0.2112845429139905,342,6.82,-0.08714992805556084,342,6.82,0.1854892058729107
343,6.84,0.20427578688988354,343,6.84,-0.08432521233350337,343,6.84,0.17940758236506293
344,6.86,0.20427578688988354,344,6.86,-0.09209318056916072,344,6.86,0.16752941145129768
345,6.88,0.1982404692024584,345,6.88,-0.08573757019453346,345,6.88,0.167149309982057
346,6.9,0.20466516222455633,346,6.9,-0.09209318056916072,346,6.9,0.1673393607166775
347,6.92,0.19697499936477247,347,6.92,-0.08150049661144591,347,6.92,0.16154281331076
348,6.94,0.20408109922254733,348,6.94,-0.09068082270813334,348,6.94,0.15565124053753243
349,6.96,0.20447047455722012,349,6.96,-0.08573757019453346,349,6.96,0.14918951556044396
350,6.98,0.20427578688988354,350,6.98,-0.08926846484710325,350,6.98,0.14282281595066593
351,7.0,0.19716968703210871,351,7.0,-0.08432521233350337,351,7.0,0.14358301888914665
352,7.0200000000000005,0.19736437469944493,352,7.0200000000000005,-0.09209318056916072,352,7.0200000000000005,0.1432029174199063
353,7.04,0.19736437469944493,353,7.04,-0.082912854472476,353,7.04,0.1612577372088294
354,7.0600000000000005,0.21070047991198182,354,7.0600000000000005,-0.08856228591658823,354,7.0600000000000005,0.19755742752129646
355,7.08,0.21031110457730903,355,7.08,-0.08573757019453346,355,7.08,0.22188392155268785
356,7.1000000000000005,0.21654110993207076,356,7.1000000000000005,-0.08926846484710325,356,7.1000000000000005,0.283270308835027
357,7.12,0.21089516757931803,357,7.12,-0.08714992805556084,357,7.12,0.3265068509611323
358,7.140000000000001,0.24214253818679451,358,7.140000000000001,-0.09068082270813334,358,7.140000000000001,0.3679379111083462
359,7.16,0.29266398786056474,359,7.16,-0.08714992805556084,359,7.16,0.39169425293587673
360,7.18,0.33676074451223775,360,7.18,-0.08926846484710325,360,7.18,0.4289441969214447
361,7.2,0.36158342209761596,361,7.2,-0.08926846484710325,361,7.2,0.4601125173991649
362,7.22,0.3993528295608586,362,7.22,-0.09209318056916072,362,7.22,0.48995048273454317
363,7.24,0.43098957550300754,363,7.24,-0.08573757019453346,363,7.24,0.520073524171852
364,7.26,0.47537836365568503,364,7.26,-0.08926846484710325,364,7.26,0.5269153506181805
365,7.28,0.49377634821896565,365,7.28,-0.08573757019453346,365,7.28,0.5510517939149521
366,7.3,0.5256077818284511,366,7.3,-0.08926846484710325,366,7.3,0.5575135188920401
367,7.32,0.5512092100831748,367,7.32,-0.08573757019453346,367,7.32,0.5701518927442865
368,7.34,0.5758372000012165,368,7.34,-0.08926846484710325,368,7.34,0.5627399140940968
369,7.36,0.5816778300213058,369,7.36,-0.082912854472476,369,7.36,0.5508617431803319
370,7.38,0.6078633212780385,370,7.38,-0.09068082270813334,370,7.38,0.5209287524776431
371,7.4,0.619641925151885,371,7.4,-0.08432521233350337,371,7.4,0.47199068831292984
372,7.42,0.6399867863885285,372,7.42,-0.09068082270813334,372,7.42,0.43521587116391264
373,7.44,0.6387213165508425,373,7.44,-0.082912854472476,373,7.44,0.38000613275673134
374,7.46,0.6450486657392722,374,7.46,-0.08926846484710325,374,7.46,0.33230339836705014
375,7.48,0.6387213165508425,375,7.48,-0.08432521233350337,375,7.48,0.29495842901417174
376,7.5,0.6262613058413191,376,7.5,-0.09068082270813334,376,7.5,0.2777588375310398
377,7.5200000000000005,0.6137039512981278,377,7.5200000000000005,-0.08573757019453346,377,7.5200000000000005,0.2526721405611674
378,7.54,0.6072792582760295,378,7.54,-0.08926846484710325,378,7.54,0.22853569726439615
379,7.5600000000000005,0.5944298722318336,379,7.5600000000000005,-0.08150049661144591,379,7.5600000000000005,0.21038585210816296
380,7.58,0.5762265753358896,380,7.58,-0.08714992805556084,380,7.58,0.1924260576865496
381,7.6000000000000005,0.54458982939374,381,7.6000000000000005,-0.08432521233350337,381,7.6000000000000005,0.19185590548268908
382,7.62,0.5193777764736894,382,7.62,-0.09209318056916072,382,7.62,0.1795976330996831
383,7.640000000000001,0.4876436866978719,383,7.640000000000001,-0.082912854472476,383,7.640000000000001,0.16790951292053805
384,7.66,0.47518367598834843,384,7.66,-0.09209318056916072,384,7.66,0.16154281331076
385,7.68,0.4503609984029703,385,7.68,-0.08150049661144591,385,7.68,0.14937956629506416
386,7.7,0.4189189401281572,386,7.7,-0.08714992805556084,386,7.7,0.15508108833367154
387,7.72,0.380370781995569,387,7.72,-0.08714992805556084,387,7.72,0.14358301888914665
388,7.74,0.3741407766408073,388,7.74,-0.08856228591658823,388,7.74,0.1432029174199063
389,7.76,0.3741407766408073,389,7.76,-0.08714992805556084,389,7.76,0.15546118980291224
390,7.78,0.3684948342880546,390,7.78,-0.08926846484710325,390,7.78,0.16790951292053805
391,7.8,0.36722936445036863,391,7.8,-0.08573757019453346,391,7.8,0.20373407639645433
392,7.82,0.36761873978504106,392,7.82,-0.08856228591658823,392,7.82,0.24659051705331958
393,7.84,0.4055828349156203,393,7.84,-0.08432521233350337,393,7.84,0.283270308835027
394,7.86,0.4311842631703441,394,7.86,-0.08926846484710325,394,7.86,0.3081669550702786
395,7.88,0.4501663107356337,395,7.88,-0.08432521233350337,395,7.88,0.34931293911556194
396,7.9,0.44374161771353543,396,7.9,-0.08926846484710325,396,7.9,0.37981608202211115
397,7.92,0.4311842631703441,397,7.92,-0.082912854472476,397,7.92,0.4168759752730589
398,7.94,0.3933175118734335,398,7.94,-0.09068082270813334,398,7.94,0.42951434912530523
399,7.96,0.46243163377782054,399,7.96,-0.08432521233350337,399,7.96,0.45935231446068353
400,7.98,0.47518367598834843,400,7.98,-0.08926846484710325,400,7.98,0.49033058420378356
401,8.0,0.5634745331253617,401,8.0,-0.08432521233350337,401,8.0,0.5022087551175491
402,8.02,0.6651988393085798,402,8.02,-0.09068082270813334,402,8.02,0.52634519841432
403,8.040000000000001,0.7460915650868134,403,8.040000000000001,-0.08714992805556084,403,8.040000000000001,0.5387935215319462
404,8.06,0.7835689410490515,404,8.06,-0.08926846484710325,404,8.06,0.5514318953841925
405,8.08,0.8217277238469666,405,8.08,-0.082912854472476,405,8.08,0.5631200155633371
406,8.1,0.8285417922037374,406,8.1,-0.08926846484710325,406,8.1,0.5571334174227999
407,8.120000000000001,0.8529750944544431,407,8.120000000000001,-0.09209318056916072,407,8.120000000000001,0.5504816417110908
408,8.14,0.8723465173544052,408,8.14,-0.09209318056916072,408,8.14,0.5267252998835603
409,8.16,0.9101159248176478,409,8.16,-0.08150049661144591,409,8.16,0.49014053346916336
410,8.18,0.9351332900703626,410,8.18,-0.09209318056916072,410,8.18,0.4291342476560649
411,8.2,0.9411686077577884,411,8.2,-0.08926846484710325,411,8.2,0.3934997349147688
412,8.22,0.9540179938019843,412,8.22,-0.08714992805556084,412,8.22,0.33781486967103735
413,8.24,0.9603453429904139,413,8.24,-0.08714992805556084,413,8.24,0.28925690697556433
414,8.26,0.9538233061346477,414,8.26,-0.08432521233350337,414,8.26,0.2528621912957875
415,8.28,0.9665753483451756,415,8.28,-0.08714992805556084,415,8.28,0.2281555957951558
416,8.3,0.9598586238220735,416,8.3,-0.08926846484710325,416,8.3,0.22245407375654838
417,8.32,0.9799114535577125,417,8.32,-0.08432521233350337,417,8.32,0.2041141778656947
418,8.34,0.9917874012652269,418,8.34,-0.08714992805556084,418,8.34,0.1797876838343033
419,8.36,1.011158824165189,419,8.36,-0.08008813875041854,419,8.36,0.16790951292053805
420,8.38,1.0169994541852783,420,8.38,-0.08926846484710325,420,8.38,0.1612577372088294
421,8.4,1.0168047665179416,421,8.4,-0.08714992805556084,421,8.4,0.15565124053753243
422,8.42,1.029848840229474,422,8.42,-0.08714992805556084,422,8.42,0.14358301888914665
423,8.44,1.0307249347324876,423,8.44,-0.08926846484710325,423,8.44,0.14918951556044396
424,8.46,1.0234241472073757,424,8.46,-0.08714992805556084,424,8.46,0.16192291478000037
425,8.48,0.9923714642672359,425,8.48,-0.09068082270813334,425,8.48,0.2039241271310745
426,8.5,0.9607347183250863,426,8.5,-0.082912854472476,426,8.5,0.26455031147493296
427,8.52,0.9291953162166053,427,8.52,-0.09209318056916072,427,8.52,0.3135834010069561
428,8.540000000000001,0.9103106124849843,428,8.540000000000001,-0.08432521233350337,428,8.540000000000001,0.35007314205404266
429,8.56,0.8731252680237507,429,8.56,-0.09068082270813334,429,8.56,0.37439963608543436
430,8.58,0.834869141392167,430,8.58,-0.08856228591658823,430,8.58,0.404617702890053
431,8.6,0.7898962902374812,431,8.6,-0.08573757019453346,431,8.6,0.4289441969214447
432,8.620000000000001,0.7598170456340227,432,8.620000000000001,-0.082912854472476,432,8.620000000000001,0.45954236519530367
433,8.64,0.7269148298541872,433,8.64,-0.09068082270813334,433,8.64,0.47845241329001864
434,8.66,0.7150388821466728,434,8.66,-0.08573757019453346,434,8.66,0.5023988058521693
435,8.68,0.7206848244994262,435,8.68,-0.08856228591658823,435,8.68,0.5261551476796998
436,8.700000000000001,0.7269148298541872,436,8.700000000000001,-0.08926846484710325,436,8.700000000000001,0.539743775205047
437,8.72,0.739666872064715,437,8.72,-0.08714992805556084,437,8.72,0.5382233693280856
438,8.74,0.7648789249847664,438,8.74,-0.09068082270813334,438,8.74,0.5387935215319462
439,8.76,0.7781176863636347,439,8.76,-0.08432521233350337,439,8.76,0.5138968752966938
440,8.78,0.7848344108867374,440,8.78,-0.08856228591658823,440,8.78,0.4840589099613156
441,8.8,0.8104358391414612,441,8.8,-0.08432521233350337,441,8.8,0.42352775098476725
442,8.82,0.8403203960775838,442,8.82,-0.08714992805556084,442,8.82,0.3925494812416679
443,8.84,0.878381835041831,443,8.84,-0.08432521233350337,443,8.84,0.3376248189364165
444,8.86,0.8911338772523589,444,8.86,-0.08926846484710325,444,8.86,0.28925690697556433
445,8.88,0.9099212371503119,445,8.88,-0.08573757019453346,445,8.88,0.265690615882654
446,8.9,0.9348412585693587,446,8.9,-0.08714992805556084,446,8.9,0.25913386553825546
447,8.92,0.9733894167019463,447,8.92,-0.08926846484710325,447,8.92,0.25343234349964805
448,8.94,0.9987961572893335,448,8.94,-0.08432521233350337,448,8.94,0.23414219393569347
449,8.96,1.029848840229474,449,8.96,-0.09068082270813334,449,8.96,0.22169387081806732
450,8.98,1.0486362001274272,450,8.98,-0.08432521233350337,450,8.98,0.2164674756160107
451,9.0,1.0674235600253803,451,9.0,-0.0935055384301908,451,9.0,0.2041141778656947
452,9.02,1.0792995077328946,452,9.02,-0.08432521233350337,452,9.02,0.1985076811943977
453,9.040000000000001,1.1180423535328188,453,9.040000000000001,-0.08926846484710325,453,9.040000000000001,0.19185590548268908
454,9.06,1.1872538192708744,454,9.06,-0.08432521233350337,454,9.06,0.2043042286003152
455,9.08,1.2764207709109012,455,9.08,-0.08926846484710325,455,9.08,0.22207397228730802
456,9.1,1.313508771538467,456,9.1,-0.08573757019453346,456,9.1,0.2647403622095531
457,9.120000000000001,1.383304300278531,457,9.120000000000001,-0.08926846484710325,457,9.120000000000001,0.31947497378018364
458,9.14,1.4327549677819522,458,9.14,-0.08150049661144591,458,9.14,0.3679379111083462
459,9.16,1.4777278189366378,459,9.16,-0.08926846484710325,459,9.16,0.3868479592030605
460,9.18,1.4839578242913996,460,9.18,-0.08573757019453346,460,9.18,0.42267252267897676
461,9.200000000000001,1.4702323437441902,461,9.200000000000001,-0.08926846484710325,461,9.200000000000001,0.4484243972200195
462,9.22,1.433533718451297,462,9.22,-0.09068082270813334,462,9.22,0.4782623625553978
463,9.24,1.3895343056332927,463,9.24,-0.08573757019453346,463,9.24,0.4838688592266954
464,9.26,1.351667554336382,464,9.26,-0.08714992805556084,464,9.26,0.5146570782351753
465,9.28,1.282650776265663,465,9.28,-0.08714992805556084,465,9.28,0.5384134200627058
466,9.3,1.2066252421708366,466,9.3,-0.08926846484710325,466,9.3,0.5575135188920401
467,9.32,1.1560064486633979,467,9.32,-0.08856228591658823,467,9.32,0.5692016390711856
468,9.34,1.1563958239980703,468,9.34,-0.08856228591658823,468,9.34,0.5758534147828939
469,9.36,1.162625829352832,469,9.36,-0.08573757019453346,469,9.36,0.5873514842274185
470,9.38,1.1680770840382488,470,9.38,-0.09068082270813334,470,9.38,0.5881116871658999
471,9.4,1.1812185015834493,471,9.4,-0.08573757019453346,471,9.4,0.5686314868673243
472,9.42,1.1805370947477722,472,9.42,-0.08926846484710325,472,9.42,0.5504816417110908
473,9.44,1.2001032053150702,473,9.44,-0.08150049661144591,473,9.44,0.5204536256410924
474,9.46,1.2001032053150702,474,9.46,-0.08926846484710325,474,9.46,0.47218073904755
475,9.48,1.1880325699402199,475,9.48,-0.08714992805556084,475,9.48,0.41098440249983137
476,9.5,1.1882272576075559,476,9.5,-0.09209318056916072,476,9.5,0.3806713103279023
477,9.52,1.1878378822728834,477,9.52,-0.08856228591658823,477,9.52,0.3263168002265121
478,9.540000000000001,1.2001032053150702,478,9.540000000000001,-0.08714992805556084,478,9.540000000000001,0.2830802581004068
479,9.56,1.2113950900205757,479,9.56,-0.08432521233350337,479,9.56,0.24602036484945905
480,9.58,1.21908525288036,480,9.58,-0.09068082270813334,480,9.58,0.22283417522578874
481,9.6,1.2186958775456875,481,9.6,-0.08432521233350337,481,9.6,0.2166575263506309
482,9.620000000000001,1.2122711845235892,482,9.620000000000001,-0.08714992805556084,482,9.620000000000001,0.19755742752129646
483,9.64,1.2120764968562534,483,9.64,-0.082912854472476,483,9.64,0.18605935807677157
484,9.66,1.2001032053150702,484,9.66,-0.08856228591658823,484,9.66,0.20335397492721397
485,9.68,1.180829126248777,485,9.68,-0.08573757019453346,485,9.68,0.22226402302192821
486,9.700000000000001,1.1618470786834871,486,9.700000000000001,-0.08926846484710325,486,9.700000000000001,0.2582786372324643
487,9.72,1.1558117609960614,487,9.72,-0.08856228591658823,487,9.72,0.30189528082781064
488,9.74,1.162625829352832,488,9.74,-0.08926846484710325,488,9.74,0.3319232968978098
489,9.76,1.1628205170201686,489,9.76,-0.08714992805556084,489,9.76,0.34361141707695453
490,9.78,1.1816078769181217,490,9.78,-0.08926846484710325,490,9.78,0.37458968682005456
491,9.8,1.174696464727683,491,9.8,-0.08432521233350337,491,9.8,0.3925494812416679
492,9.82,1.174696464727683,492,9.82,-0.09209318056916072,492,9.82,0.4048077536246732
493,9.84,1.1745017770603465,493,9.84,-0.08573757019453346,493,9.84,0.4291342476560649
494,9.86,1.174696464727683,494,9.86,-0.08926846484710325,494,9.86,0.4410124185698298
495,9.88,1.1816078769181217,495,9.88,-0.08856228591658823,495,9.88,0.45954236519530367
496,9.9,1.1748911523950196,496,9.9,-0.08714992805556084,496,9.9,0.45973241592992453
497,9.92,1.1816078769181217,497,9.92,-0.08714992805556084,497,9.92,0.47161058684368945
498,9.94,1.1876431946055468,498,9.94,-0.08856228591658823,498,9.94,0.466574242376253
499,9.96,1.1936785122929727,499,9.96,-0.08432521233350337,499,9.96,0.46049261886840526
500,9.98,1.1944572629623176,500,9.98,-0.08926846484710325,500,9.98,0.4472840928122984
501,10.0,1.181413189250785,501,10.0,-0.08714992805556084,501,10.0,0.4172560767422993
502,10.02,1.1932891369582996,502,10.02,-0.08856228591658823,502,10.02,0.40499780435929333
503,10.040000000000001,1.187448506938211,503,10.040000000000001,-0.08432521233350337,503,10.040000000000001,0.38029120885866197
504,10.06,1.2003952368160749,504,10.06,-0.08714992805556084,504,10.06,0.35624979092920084
505,10.08,1.1997138299803978,505,10.08,-0.08714992805556084,505,10.08,0.3496930405848023
506,10.1,1.1938731999603085,506,10.1,-0.08856228591658823,506,10.1,0.33154319542856875
507,10.120000000000001,1.2001032053150702,507,10.120000000000001,-0.08432521233350337,507,10.120000000000001,0.33743476820179635
508,10.14,1.205749147667823,508,10.14,-0.08926846484710325,508,10.14,0.3192849230455635
509,10.16,1.2128552475255983,509,10.16,-0.08856228591658823,509,10.16,0.30189528082781064
510,10.18,1.2126605598582623,510,10.18,-0.082912854472476,510,10.18,0.2768085838579382
511,10.200000000000001,1.2072093051728454,511,10.200000000000001,-0.08856228591658823,511,10.200000000000001,0.2707269603500905
512,10.22,1.2003952368160749,512,10.22,-0.08432521233350337,512,10.22,0.2411740711166428
513,10.24,1.205554460000487,513,10.24,-0.08926846484710325,513,10.24,0.22188392155268785
514,10.26,1.2118818091889167,514,10.26,-0.08573757019453346,514,10.26,0.21627742488139054
515,10.28,1.2122711845235892,515,10.28,-0.09068082270813334,515,10.28,0.21627742488139054
516,10.3,1.2005899244834113,516,10.3,-0.08573757019453346,516,10.3,0.21684757708525107
517,10.32,1.1750858400623556,517,10.32,-0.08856228591658823,517,10.32,0.21000575063892227
518,10.34,1.1440331571222155,518,10.34,-0.08432521233350337,518,10.34,0.19812757972515702
519,10.36,1.1180423535328188,519,10.36,-0.09068082270813334,519,10.36,0.19166585474806888
520,10.38,1.0803702899032446,520,10.38,-0.08926846484710325,520,10.38,0.19204595621730924
521,10.4,1.0928303006127682,521,10.4,-0.08856228591658823,521,10.4,0.187199662484493
522,10.42,1.1370244010981083,522,10.42,-0.08714992805556084,522,10.42,0.1795976330996831
523,10.44,1.162625829352832,523,10.44,-0.08714992805556084,523,10.44,0.1858693073421514
524,10.46,1.2199613473833735,524,10.46,-0.08926846484710325,524,10.46,0.19736737678667596
525,10.48,1.2510140303235133,525,10.48,-0.08714992805556084,525,10.48,0.24659051705331958
526,10.5,1.307473453851041,526,10.5,-0.0935055384301908,526,10.5,0.2834603595696472
527,10.52,1.350986147500705,527,10.52,-0.082912854472476,527,10.52,0.31320329953771503
528,10.540000000000001,1.45232107834925,528,10.540000000000001,-0.08856228591658823,528,10.540000000000001,0.3389551740787584
529,10.56,1.5345766177988382,529,10.56,-0.08856228591658823,529,10.56,0.37439963608543436
530,10.58,1.5915227604947064,530,10.58,-0.08926846484710325,530,10.58,0.41041425029597084
531,10.6,1.6096287135569824,531,10.6,-0.08573757019453346,531,10.6,0.43502582042929244
532,10.620000000000001,1.641265459499132,532,10.620000000000001,-0.08856228591658823,532,10.620000000000001,0.458782162256823
533,10.64,1.6850701846497997,533,10.64,-0.08573757019453346,533,10.64,0.47845241329001864
534,10.66,1.7356889781572384,534,10.66,-0.08150049661144591,534,10.66,0.489760431999923
535,10.68,1.754086962720519,535,10.68,-0.09774261201327564,535,10.68,0.5092406322984978
536,10.700000000000001,1.7804671416445876,536,10.700000000000001,-0.082912854472476,536,10.700000000000001,0.5148471289697955
537,10.72,1.8056791945646389,537,10.72,-0.09068082270813334,537,10.72,0.5144670275005551
538,10.74,1.818431236775167,538,10.74,-0.08856228591658823,538,10.74,0.5023988058521693
539,10.76,1.8238824914605838,539,10.76,-0.08714992805556084,539,10.76,0.48367880849207523
540,10.78,1.8107410739153826,540,10.78,-0.08856228591658823,540,10.78,0.4538408431566963
541,10.8,1.7665469734300423,541,10.8,-0.08432521233350337,541,10.8,0.42390785245400825
542,10.82,1.6790348669623747,542,10.82,-0.08856228591658823,542,10.82,0.37962603128749095
543,10.84,1.6290001364569444,543,10.84,-0.08856228591658823,543,10.84,0.33819497114027774
544,10.86,1.515399882566212,544,10.86,-0.08432521233350337,544,10.86,0.3013251286239501
545,10.88,1.4514449838462367,545,10.88,-0.09068082270813334,545,10.88,0.2830802581004068
546,10.9,1.4137729202166625,546,10.9,-0.08432521233350337,546,10.9,0.2773787360617994
547,10.92,1.3949855603187094,547,10.92,-0.08926846484710325,547,10.92,0.2651204636787935
548,10.94,1.3768796072564333,548,10.94,-0.08926846484710325,548,10.94,0.24659051705331958
549,10.96,1.3639328773785688,549,10.96,-0.08856228591658823,549,10.96,0.23471234613955433
550,10.98,1.3635435020438964,550,10.98,-0.09209318056916072,550,10.98,0.2281555957951558
551,11.0,1.3441720791439344,551,11.0,-0.08714992805556084,551,11.0,0.22834564652977596
552,11.02,1.33229613143642,552,11.02,-0.09068082270813334,552,11.02,0.21561224731021958
553,11.040000000000001,1.3140928345404752,553,11.040000000000001,-0.08856228591658823,553,11.040000000000001,0.21000575063892227
554,11.06,1.301438136163616,554,11.06,-0.08573757019453346,554,11.06,0.2041141778656947
555,11.08,1.3010487608289436,555,11.08,-0.08926846484710325,555,11.08,0.2039241271310745
556,11.1,1.2439079304657388,556,11.1,-0.08856228591658823,556,11.1,0.19774747825591665
557,11.120000000000001,1.2060411791688275,557,11.120000000000001,-0.08856228591658823,557,11.120000000000001,0.19717732605205576
558,11.14,1.181413189250785,558,11.14,-0.08432521233350337,558,11.14,0.19812757972515702
559,11.16,1.168661147040258,559,11.16,-0.08856228591658823,559,11.16,0.19166585474806888
560,11.18,1.1364403380960992,560,11.18,-0.08714992805556084,560,11.18,0.1924260576865496
561,11.200000000000001,1.0864056075906698,561,11.200000000000001,-0.08714992805556084,561,11.200000000000001,0.1929011845231004
562,11.22,1.0678129353600534,562,11.22,-0.08926846484710325,562,11.22,0.1858693073421514
563,11.24,1.0615829300052917,563,11.24,-0.082912854472476,563,11.24,0.18567925660753087
564,11.26,1.093024988280104,564,11.26,-0.08714992805556084,564,11.26,0.1797876838343033
565,11.28,1.1551303541603846,565,11.28,-0.08573757019453346,565,11.28,0.1739911364283858
566,11.3,1.2247311952331126,566,11.3,-0.08573757019453346,566,11.3,0.18035783603816416
567,11.32,1.2574387233456115,567,11.32,-0.08573757019453346,567,11.32,0.1854892058729107
568,11.34,1.3191547138912196,568,11.34,-0.08150049661144591,568,11.34,0.1799777345689238
569,11.36,1.3834989879458675,569,11.36,-0.08714992805556084,569,11.36,0.17921753163044277
570,11.38,1.4262329309261859,570,11.38,-0.09209318056916072,570,11.38,0.1799777345689238
571,11.4,1.4960284596662499,571,11.4,-0.08432521233350337,571,11.4,0.1799777345689238
572,11.42,1.5652399254043057,572,11.42,-0.08856228591658823,572,11.42,0.18643945954601193
573,11.44,1.6288054487896086,573,11.44,-0.08573757019453346,573,11.44,0.19128575327882819
574,11.46,1.660636882399094,574,11.46,-0.08714992805556084,574,11.46,0.18510910440367034
575,11.48,1.704441607549762,575,11.48,-0.09068082270813334,575,11.48,0.18605935807677157
576,11.5,1.7354942904899018,576,11.5,-0.08856228591658823,576,11.5,0.1922360069519294
577,11.52,1.7603169680752806,577,11.52,-0.09068082270813334,577,11.52,0.1866295102806321
578,11.540000000000001,1.7674230679330558,578,11.540000000000001,-0.08926846484710325,578,11.540000000000001,0.19774747825591665
579,11.56,1.7490250833697754,579,11.56,-0.08573757019453346,579,11.56,0.19185590548268908
580,11.58,1.6860436229864812,580,11.58,-0.08856228591658823,580,11.58,0.19090565180958782
581,11.6,1.5846113483042676,581,11.6,-0.08573757019453346,581,11.6,0.19812757972515702
582,11.620000000000001,1.5341872424641658,582,11.620000000000001,-0.08926846484710325,582,11.620000000000001,0.1969872753174356
583,11.64,1.4137729202166625,583,11.64,-0.08856228591658823,583,11.64,0.1985076811943977
584,11.66,1.3138981468731394,584,11.66,-0.08714992805556084,584,11.66,0.19812757972515702
585,11.68,1.257049348010939,585,11.68,-0.09068082270813334,585,11.68,0.1922360069519294
586,11.700000000000001,1.237677925110977,586,11.700000000000001,-0.08573757019453346,586,11.700000000000001,0.19831763045977718
587,11.72,1.2388460511149944,587,11.72,-0.08714992805556084,587,11.72,0.19166585474806888
588,11.74,1.250527311155173,588,11.74,-0.08714992805556084,588,11.74,0.1922360069519294
589,11.76,1.256659972676266,589,11.76,-0.08573757019453346,589,11.76,0.19166585474806888
590,11.78,1.2628899780310276,590,11.78,-0.08714992805556084,590,11.78,0.18605935807677157
591,11.8,1.2503326234878362,591,11.8,-0.08856228591658823,591,11.8,0.19204595621730924
592,11.82,1.250527311155173,592,11.82,-0.08573757019453346,592,11.82,0.1924260576865496
593,11.84,1.2374832374436404,593,11.84,-0.08926846484710325,593,11.84,0.19128575327882819
594,11.86,1.2316426074235511,594,11.86,-0.08714992805556084,594,11.86,0.18643945954601193
595,11.88,1.2258019774034628,595,11.88,-0.08432521233350337,595,11.88,0.1852991551382905
596,11.9,1.21908525288036,596,11.9,-0.08926846484710325,596,11.9,0.19109570254420802
597,11.92,1.2188905652130233,597,11.92,-0.082912854472476,597,11.92,0.1924260576865496
598,11.94,1.2253152582351217,598,11.94,-0.08856228591658823,598,11.94,0.18605935807677157
599,11.96,1.2314479197562154,599,11.96,-0.08714992805556084,599,11.96,0.1927111337884802
600,11.98,1.225120570567785,600,11.98,-0.082912854472476,600,11.98,0.18624940881139176
601,12.0,1.2247311952331126,601,12.0,-0.08714992805556084,601,12.0,0.1922360069519294
602,12.02,1.2126605598582623,602,12.02,-0.08856228591658823,602,12.02,0.19736737678667596
603,12.040000000000001,1.2062358668361641,603,12.040000000000001,-0.08573757019453346,603,12.040000000000001,0.19147580401344838
604,12.06,1.1880325699402199,604,12.06,-0.08714992805556084,604,12.06,0.1858693073421514
605,12.08,1.1680770840382488,605,12.08,-0.08432521233350337,605,12.08,0.19185590548268908
606,12.1,1.1489003488056229,606,12.1,-0.08432521233350337,606,12.1,0.19736737678667596
607,12.120000000000001,1.1436437817875424,607,12.120000000000001,-0.08714992805556084,607,12.120000000000001,0.1985076811943977
608,12.14,1.1364403380960992,608,12.14,-0.08714992805556084,608,12.14,0.20316392419259344
609,12.16,1.123882983552908,609,12.16,-0.08856228591658823,609,12.16,0.20477935543686565
610,12.18,1.1242723588875805,610,12.18,-0.08432521233350337,610,12.18,0.19793752899053682
611,12.200000000000001,1.0992549936348657,611,12.200000000000001,-0.08926846484710325,611,12.200000000000001,0.20477935543686565
612,12.22,1.0924409252780949,612,12.22,-0.08573757019453346,612,12.22,0.19793752899053682
613,12.24,1.0807596652379172,613,12.24,-0.08714992805556084,613,12.24,0.19888778266363805
614,12.26,1.0864056075906698,614,12.26,-0.09068082270813334,614,12.26,0.2039241271310745
615,12.280000000000001,1.0864056075906698,615,12.280000000000001,-0.08714992805556084,615,12.280000000000001,0.2039241271310745
616,12.3,1.0811490405725896,616,12.3,-0.08856228591658823,616,12.3,0.23471234613955433
617,12.32,1.0871843582600154,617,12.32,-0.09068082270813334,617,12.32,0.24659051705331958
618,12.34,1.0992549936348657,618,12.34,-0.082912854472476,618,12.34,0.265690615882654
619,12.36,1.1184317288674919,619,12.36,-0.09068082270813334,619,12.36,0.2649304129441733
620,12.38,1.111617660510721,620,12.38,-0.08926846484710325,620,12.38,0.2769986345925584
621,12.4,1.085724200754993,621,12.4,-0.08432521233350337,621,12.4,0.2827001566311658
622,12.42,1.0864056075906698,622,12.42,-0.08714992805556084,622,12.42,0.2834603595696472
623,12.44,1.0867949829253423,623,12.44,-0.082912854472476,623,12.44,0.2890668562409442
624,12.46,1.0926356129454315,624,12.46,-0.08573757019453346,624,12.46,0.29552858121803227
625,12.48,1.0798835707349037,625,12.48,-0.08856228591658823,625,12.48,0.29533853048341213
626,12.5,1.0683969983620616,626,12.5,-0.08150049661144591,626,12.5,0.30740675213179786
627,12.52,1.029848840229474,627,12.52,-0.08432521233350337,627,12.52,0.33135314469394855
628,12.540000000000001,1.0168047665179416,628,12.540000000000001,-0.08856228591658823,628,12.540000000000001,0.34399151854619486
629,12.56,0.9917874012652269,629,12.56,-0.08432521233350337,629,12.56,0.37981608202211115
630,12.58,0.9733894167019463,630,12.58,-0.08926846484710325,630,12.58,0.4051878550939142
631,12.6,0.9219918725251622,631,12.6,-0.0935055384301908,631,12.6,0.42286257341359695
632,12.620000000000001,0.87896589804384,632,12.620000000000001,-0.08150049661144591,632,12.620000000000001,0.43578602336777317
633,12.64,0.8273736661997193,633,12.64,-0.08926846484710325,633,12.64,0.4412024693044507
634,12.66,0.7969050462615884,634,12.66,-0.09209318056916072,634,12.66,0.4534607416874559
635,12.68,0.7458968774194767,635,12.68,-0.08573757019453346,635,12.68,0.4474741435469186
636,12.700000000000001,0.7144548191446645,636,12.700000000000001,-0.08856228591658823,636,12.700000000000001,0.4297043998599254
637,12.72,0.7267201421868513,637,12.72,-0.09068082270813334,637,12.72,0.42286257341359695
638,12.74,0.7523215704415751,638,12.74,-0.09068082270813334,638,12.74,0.3994863330553068
639,12.76,0.7974891092635974,639,12.76,-0.08432521233350337,639,12.76,0.3734493824123328
640,12.780000000000001,0.8537538451237886,640,12.780000000000001,-0.08714992805556084,640,12.780000000000001,0.34988309131942247
641,12.8,0.9544073691366567,641,12.8,-0.09209318056916072,641,12.8,0.32612674949189197
642,12.82,1.0236188348747124,642,12.82,-0.08714992805556084,642,12.82,0.30797690433565844
643,12.84,1.1309890834106833,643,12.84,-0.08432521233350337,643,12.84,0.28365041030426735
644,12.86,1.1932891369582996,644,12.86,-0.08714992805556084,644,12.86,0.2647403622095531
645,12.88,1.2380673004456495,645,12.88,-0.08856228591658823,645,12.88,0.2536223942342689
646,12.9,1.3137034592058028,646,12.9,-0.08432521233350337,646,12.9,0.2464004663186994
647,12.92,1.3580922473584796,647,12.92,-0.08714992805556084,647,12.92,0.23490239687417452
648,12.94,1.3885608672966112,648,12.94,-0.09068082270813334,648,12.94,0.2281555957951558
649,12.96,1.4077376025292367,649,12.96,-0.08432521233350337,649,12.96,0.22264412449116858
650,12.98,1.4337284061186335,650,12.98,-0.08856228591658823,650,12.98,0.2166575263506309
651,13.0,1.4577723330346668,651,13.0,-0.08926846484710325,651,13.0,0.2166575263506309
652,13.02,1.4713031259145397,652,13.02,-0.082912854472476,652,13.02,0.2166575263506309
653,13.040000000000001,1.4645864013914376,653,13.040000000000001,-0.08926846484710325,653,13.040000000000001,0.21019580137354277
654,13.06,1.4401530991407312,654,13.06,-0.09068082270813334,654,13.06,0.21057590284278313
655,13.08,1.3949855603187094,655,13.08,-0.08573757019453346,655,13.08,0.21076595357740333
656,13.1,1.2945267239731773,656,13.1,-0.08926846484710325,656,13.1,0.20278382272335307
657,13.120000000000001,1.2309612005878743,657,13.120000000000001,-0.09068082270813334,657,13.120000000000001,0.20458930470224546
658,13.14,1.1178476658654828,658,13.14,-0.08573757019453346,658,13.14,0.20373407639645433
659,13.16,1.0230347718727033,659,13.16,-0.08926846484710325,659,13.16,0.19736737678667596
660,13.18,0.9544073691366567,660,13.18,-0.08856228591658823,660,13.18,0.1922360069519294
661,13.200000000000001,0.9417526707597974,661,13.200000000000001,-0.08573757019453346,661,13.200000000000001,0.19128575327882819
662,13.22,0.9219918725251622,662,13.22,-0.08714992805556084,662,13.22,0.19204595621730924
663,13.24,0.9219918725251622,663,13.24,-0.08714992805556084,663,13.24,0.18605935807677157
664,13.26,0.9163459301724095,664,13.26,-0.08926846484710325,664,13.26,0.180167785303544
665,13.280000000000001,0.9099212371503119,665,13.280000000000001,-0.08714992805556084,665,13.280000000000001,0.1795976330996831
666,13.3,0.8961957566031026,666,13.3,-0.082912854472476,666,13.3,0.17361103495914545
667,13.32,0.8915232525870314,667,13.32,-0.09209318056916072,667,13.32,0.1739911364283858
668,13.34,0.8719571420197327,668,13.34,-0.08714992805556084,668,13.34,0.17342098422452526
669,13.36,0.8723465173544052,669,13.36,-0.08432521233350337,669,13.36,0.17902748089582257
670,13.38,0.8537538451237886,670,13.38,-0.08926846484710325,670,13.38,0.22853569726439615
671,13.4,0.8403203960775838,671,13.4,-0.08856228591658823,671,13.4,0.25865873870170536
672,13.42,0.8279577292017284,672,13.42,-0.08926846484710325,672,13.42,0.30778685360103825
673,13.44,0.8414885220816011,673,13.44,-0.08432521233350337,673,13.44,0.34361141707695453
674,13.46,0.8535591574564521,674,13.46,-0.08856228591658823,674,13.46,0.3679379111083462
675,13.48,0.8721518296870693,675,13.48,-0.08714992805556084,675,13.48,0.3858977055299589
676,13.5,0.87896589804384,676,13.5,-0.08432521233350337,676,13.5,0.3927395319762881
677,13.52,0.8917179402543672,677,13.52,-0.08926846484710325,677,13.52,0.4168759752730589
678,13.540000000000001,0.9105053001523209,678,13.540000000000001,-0.09068082270813334,678,13.540000000000001,0.42286257341359695
679,13.56,0.9219918725251622,679,13.56,-0.08008813875041854,679,13.56,0.44785424501615895
680,13.58,0.9359120407397081,680,13.58,-0.08573757019453346,680,13.58,0.4470940420776782
681,13.6,0.9359120407397081,681,13.6,-0.08926846484710325,681,13.6,0.4546960714624874
682,13.620000000000001,0.9673540990145212,682,13.620000000000001,-0.09068082270813334,682,13.620000000000001,0.45973241592992453
683,13.64,1.02322945954004,683,13.64,-0.08432521233350337,683,13.64,0.45973241592992453
684,13.66,1.0685916860293982,684,13.66,-0.08856228591658823,684,13.66,0.44690399134305736
685,13.68,1.073653565380142,685,13.68,-0.08856228591658823,685,13.68,0.4363561755716344
686,13.700000000000001,1.0551582369831933,686,13.700000000000001,-0.08926846484710325,686,13.700000000000001,0.404617702890053
687,13.72,0.9982120942873252,687,13.72,-0.08150049661144591,687,13.72,0.3683180125775866
688,13.74,0.928611253214597,688,13.74,-0.08714992805556084,688,13.74,0.34399151854619486
689,13.76,0.9099212371503119,689,13.76,-0.09068082270813334,689,13.76,0.33230339836705014
690,13.780000000000001,0.8781871473744944,690,13.780000000000001,-0.08714992805556084,690,13.780000000000001,0.313868477108886
691,13.8,0.8600811943122183,691,13.8,-0.08714992805556084,691,13.8,0.31424857857812705
692,13.82,0.8341877345564901,692,13.82,-0.09209318056916072,692,13.82,0.3263168002265121
693,13.84,0.8215330361796308,693,13.84,-0.08926846484710325,693,13.84,0.32612674949189197
694,13.86,0.7711089303395281,694,13.86,-0.08573757019453346,694,13.86,0.3319232968978098
695,13.88,0.7525162581089109,695,13.88,-0.08714992805556084,695,13.88,0.33154319542856875
696,13.9,0.745702189752141,696,13.9,-0.08714992805556084,696,13.9,0.33173324616318894
697,13.92,0.7393748405637106,697,13.92,-0.09068082270813334,697,13.92,0.33819497114027774
698,13.94,0.7458968774194767,698,13.94,-0.08714992805556084,698,13.94,0.33819497114027774
699,13.96,0.7775336233616263,699,13.96,-0.08714992805556084,699,13.96,0.33781486967103735
700,13.98,0.8217277238469666,700,13.98,-0.08926846484710325,700,13.98,0.33781486967103735
701,14.0,0.8414885220816011,701,14.0,-0.08432521233350337,701,14.0,0.33154319542856875
702,14.02,0.9106999878196568,702,14.02,-0.082912854472476,702,14.02,0.3319232968978098
703,14.040000000000001,0.9799114535577125,703,14.040000000000001,-0.08926846484710325,703,14.040000000000001,0.32612674949189197
704,14.06,1.043184945442011,704,14.06,-0.08856228591658823,704,14.06,0.32555659728803144
705,14.08,1.0615829300052917,705,14.08,-0.08714992805556084,705,14.08,0.3326834998362905
706,14.1,1.0992549936348657,706,14.1,-0.08714992805556084,706,14.1,0.33230339836705014
707,14.120000000000001,1.1307943957433466,707,14.120000000000001,-0.08714992805556084,707,14.120000000000001,0.33173324616318894
708,14.14,1.1549356664930486,708,14.14,-0.08856228591658823,708,14.14,0.33781486967103735
709,14.16,1.1748911523950196,709,14.16,-0.08856228591658823,709,14.16,0.35007314205404266
710,14.18,1.1876431946055468,710,14.18,-0.08573757019453346,710,14.18,0.35643984166382103
711,14.200000000000001,1.1676877087035757,711,14.200000000000001,-0.08856228591658823,711,14.200000000000001,0.3921693797724269
712,14.22,1.1379978394347898,712,14.22,-0.09209318056916072,712,14.22,0.4712304853744491
713,14.24,1.1184317288674919,713,14.24,-0.08714992805556084,713,14.24,0.5692016390711856
714,14.26,1.0740429407148144,714,14.26,-0.08573757019453346,714,14.26,0.6486428461424475
715,14.280000000000001,1.0361761894179038,715,14.280000000000001,-0.09068082270813334,715,14.280000000000001,0.6796211158855475
716,14.3,0.9731947290346098,716,14.3,-0.08573757019453346,716,14.3,0.7217173536039317
717,14.32,0.9353279777376992,717,14.32,-0.08714992805556084,717,14.32,0.7581120692837086
718,14.34,0.8661165119996435,718,14.34,-0.08714992805556084,718,14.34,0.7829136901516505
719,14.36,0.8091703693037753,719,14.36,-0.09068082270813334,719,14.36,0.7881400853537077
720,14.38,0.7652683003194388,720,14.38,-0.08714992805556084,720,14.38,0.7820584618458593
721,14.4,0.751737507439566,721,14.4,-0.08432521233350337,721,14.4,0.75887227222219
722,14.42,0.7269148298541872,722,14.42,-0.08856228591658823,722,14.42,0.7211472014000713
723,14.44,0.7206848244994262,723,14.44,-0.08926846484710325,723,14.44,0.6968207073686795
724,14.46,0.7204901368320896,724,14.46,-0.08573757019453346,724,14.46,0.6478826432039668
725,14.48,0.7079327822888982,725,14.48,-0.08432521233350337,725,14.48,0.6057864054855826
726,14.5,0.6837915115391963,726,14.5,-0.08856228591658823,726,14.5,0.5636901677671984
727,14.52,0.6577033641161322,727,14.52,-0.08926846484710325,727,14.52,0.5387935215319462
728,14.540000000000001,0.6452433534066088,728,14.540000000000001,-0.08432521233350337,728,14.540000000000001,0.5271054013528007
729,14.56,0.6204206758212298,729,14.56,-0.08573757019453346,729,14.56,0.5081953532580865
730,14.58,0.6137039512981278,730,14.58,-0.08926846484710325,730,14.58,0.49014053346916336
731,14.6,0.5882972107107399,731,14.6,-0.08926846484710325,731,14.6,0.4780723118207776
732,14.620000000000001,0.58936799288109,732,14.620000000000001,-0.08573757019453346,732,14.620000000000001,0.4838688592266954
733,14.64,0.5884918983780765,733,14.64,-0.08714992805556084,733,14.64,0.49014053346916336
734,14.66,0.5882972107107399,734,14.66,-0.08926846484710325,734,14.66,0.5076252010542259
735,14.68,0.5882972107107399,735,14.68,-0.09068082270813334,735,14.68,0.5382233693280856
736,14.700000000000001,0.5895626805484259,736,14.700000000000001,-0.082912854472476,736,14.700000000000001,0.5452552465090342
737,14.72,0.6010492529212678,737,14.72,-0.08856228591658823,737,14.72,0.5808897592503304
738,14.74,0.6522521094307153,738,14.74,-0.08856228591658823,738,14.74,0.6301128995169737
739,14.76,0.6831101047035194,739,14.76,-0.08150049661144591,739,14.76,0.6903589823915914
740,14.780000000000001,0.689437453891949,740,14.780000000000001,-0.08856228591658823,740,14.780000000000001,0.7335955245176974
741,14.8,0.6891454223909445,741,14.8,-0.08714992805556084,741,14.8,0.7517453696739302
742,14.82,0.6768800993487577,742,14.82,-0.08573757019453346,742,14.82,0.7811082081727584
743,14.84,0.6829154170361835,743,14.84,-0.08856228591658823,743,14.84,0.8066700319791816
744,14.86,0.6958621469140472,744,14.86,-0.08856228591658823,744,14.86,0.8191183550968071
745,14.88,0.7152335698140093,745,14.88,-0.08432521233350337,745,14.88,0.8185482028929465
746,14.9,0.7273042051888603,746,14.9,-0.082912854472476,746,14.9,0.794791861065416
747,14.92,0.7466756280888224,747,14.92,-0.08714992805556084,747,14.92,0.7454736954314622
748,14.94,0.7523215704415751,748,14.94,-0.08714992805556084,748,14.94,0.7026172547745974
749,14.96,0.7839583163837239,749,14.96,-0.08573757019453346,749,14.96,0.6786708622124467
750,14.98,0.8153030308248691,750,14.98,-0.08432521233350337,750,14.98,0.6482627446732072
751,15.0,0.8473291521016904,751,15.0,-0.08856228591658823,751,15.0,0.606166506954823
752,15.02,0.8723465173544052,752,15.02,-0.08856228591658823,752,15.02,0.5820300636580521
753,15.040000000000001,0.8975585702744565,753,15.040000000000001,-0.08573757019453346,753,15.040000000000001,0.5636901677671984
754,15.06,0.9163459301724095,754,15.06,-0.08714992805556084,754,15.06,0.562929964828717
755,15.08,0.9090451426472984,755,15.08,-0.08926846484710325,755,15.08,0.5442099674686229
756,15.1,0.9096292056493075,756,15.1,-0.08714992805556084,756,15.1,0.5274855028220418
757,15.120000000000001,0.9037885756292182,757,15.120000000000001,-0.08573757019453346,757,15.120000000000001,0.5204536256410924
758,15.14,0.9041779509638906,758,15.14,-0.08856228591658823,758,15.14,0.5137068245620737
759,15.16,0.9035938879618816,759,15.16,-0.09068082270813334,759,15.16,0.5148471289697955
760,15.18,0.9035938879618816,760,15.18,-0.08856228591658823,760,15.18,0.5027789073214096
761,15.200000000000001,0.9039832632965548,761,15.200000000000001,-0.08714992805556084,761,15.200000000000001,0.489760431999923
762,15.22,0.8913285649196948,762,15.22,-0.09068082270813334,762,15.22,0.49014053346916336
763,15.24,0.8849038718975972,763,15.24,-0.09209318056916072,763,15.24,0.47180063757830965
764,15.26,0.8785765227091669,764,15.26,-0.08856228591658823,764,15.26,0.4408223678352096
765,15.280000000000001,0.8596918189775459,765,15.280000000000001,-0.08856228591658823,765,15.280000000000001,0.41098440249983137
766,15.3,0.8592050998092048,766,15.3,-0.08856228591658823,766,15.3,0.3681279618429664
767,15.32,0.854240564292129,767,15.32,-0.08926846484710325,767,15.32,0.35586968945996045
768,15.34,0.8471344644343545,768,15.34,-0.08926846484710325,768,15.34,0.33173324616318894
769,15.36,0.8091703693037753,769,15.36,-0.08573757019453346,769,15.36,0.30835700580489944
770,15.38,0.7716929933415371,770,15.38,-0.09068082270813334,770,15.38,0.29590868268727333
771,15.4,0.7081274699562341,771,15.4,-0.08856228591658823,771,15.4,0.288876805506324
772,15.42,0.688756047056272,772,15.42,-0.08432521233350337,772,15.42,0.2844106132427481
773,15.44,0.6708447816613325,773,15.44,-0.082912854472476,773,15.44,0.2649304129441733
774,15.46,0.6716235323306774,774,15.46,-0.082912854472476,774,15.46,0.2532422927650279
775,15.48,0.6956674592467107,775,15.48,-0.08926846484710325,775,15.48,0.2536223942342689
776,15.5,0.7278882681908693,776,15.5,-0.08573757019453346,776,15.5,0.24659051705331958
777,15.52,0.802745676281677,777,15.52,-0.08150049661144591,777,15.52,0.2464004663186994
778,15.540000000000001,0.9039832632965548,778,15.540000000000001,-0.08714992805556084,778,15.540000000000001,0.24079396964740177
779,15.56,0.9794247343893715,779,15.56,-0.09209318056916072,779,15.56,0.227680468958605
780,15.58,0.9980174066199886,780,15.58,-0.08856228591658823,780,15.58,0.22834564652977596
781,15.6,1.0369549400872493,781,15.6,-0.082912854472476,781,15.6,0.23452229540493383
782,15.620000000000001,1.0794941954002313,782,15.620000000000001,-0.08856228591658823,782,15.620000000000001,0.23452229540493383
783,15.64,1.1180423535328188,783,15.64,-0.08856228591658823,783,15.64,0.24022381744354124
784,15.66,1.1178476658654828,784,15.66,-0.08714992805556084,784,15.66,0.2464004663186994
785,15.68,1.111617660510721,785,15.68,-0.08432521233350337,785,15.68,0.24621041558407925
786,15.700000000000001,1.1052903113222916,786,15.700000000000001,-0.08856228591658823,786,15.700000000000001,0.25865873870170536
787,15.72,1.0926356129454315,787,15.72,-0.08926846484710325,787,15.72,0.25932391627287565
788,15.74,1.0866002952580063,788,15.74,-0.08714992805556084,788,15.74,0.25932391627287565
789,15.76,1.054866205482189,789,15.76,-0.08714992805556084,789,15.76,0.25865873870170536
790,15.780000000000001,0.998406781954661,790,15.780000000000001,-0.08856228591658823,790,15.780000000000001,0.25343234349964805
791,15.8,0.9144963973327146,791,15.8,-0.08714992805556084,791,15.8,0.2464004663186994
792,15.82,0.8849038718975972,792,15.82,-0.08573757019453346,792,15.82,0.2476357960937309
793,15.84,0.8337983592218177,793,15.84,-0.08714992805556084,793,15.84,0.24678056778793978
794,15.860000000000001,0.8219224115143032,794,15.860000000000001,-0.08856228591658823,794,15.860000000000001,0.2464004663186994
795,15.88,0.8156924061595415,795,15.88,-0.08926846484710325,795,15.88,0.2409840203820226
796,15.9,0.7972944215962608,796,15.9,-0.082912854472476,796,15.9,0.2464004663186994
797,15.92,0.7965156709269153,797,15.92,-0.08926846484710325,797,15.92,0.2530522420304077
798,15.94,0.7963209832595795,798,15.94,-0.09068082270813334,798,15.94,0.24621041558407925
799,15.96,0.7963209832595795,799,15.96,-0.08926846484710325,799,15.96,0.24602036484945905
800,15.98,0.7906750409068267,800,15.98,-0.08714992805556084,800,15.98,0.2532422927650279
801,16.0,0.7963209832595795,801,16.0,-0.08856228591658823,801,16.0,0.2524820898265472
802,16.02,0.7969050462615884,802,16.02,-0.08926846484710325,802,16.02,0.25343234349964805
803,16.04,0.8023563009470046,803,16.04,-0.08714992805556084,803,16.04,0.2528621912957875
804,16.06,0.7972944215962608,804,16.06,-0.08714992805556084,804,16.06,0.2524820898265472
805,16.080000000000002,0.802745676281677,805,16.080000000000002,-0.08926846484710325,805,16.080000000000002,0.2530522420304077
806,16.1,0.8154977184922049,806,16.1,-0.08714992805556084,806,16.1,0.2584686879670845
807,16.12,0.8469397767670179,807,16.12,-0.08714992805556084,807,16.12,0.25913386553825546
808,16.14,0.8665058873343165,808,16.14,-0.08714992805556084,808,16.14,0.2582786372324643
809,16.16,0.9037885756292182,809,16.16,-0.09068082270813334,809,16.16,0.252292039091927
810,16.18,0.9294873477176099,810,16.18,-0.08150049661144591,810,16.18,0.2584686879670845
811,16.2,0.9288059408819329,811,16.2,-0.08714992805556084,811,16.2,0.25865873870170536
812,16.22,0.9419473584271333,812,16.22,-0.09209318056916072,812,16.22,0.2584686879670845
813,16.240000000000002,0.9353279777376992,813,16.240000000000002,-0.08926846484710325,813,16.240000000000002,0.3192849230455635
814,16.26,0.9346465709020222,814,16.26,-0.09068082270813334,814,16.26,0.3625214651716688
815,16.28,0.9346465709020222,815,16.28,-0.08573757019453346,815,16.28,0.4168759752730589
816,16.3,0.9411686077577884,816,16.3,-0.09068082270813334,816,16.3,0.4599224666645447
817,16.32,0.9605400306577505,817,16.32,-0.08714992805556084,817,16.32,0.5150371797044156
818,16.34,0.9731947290346098,818,16.34,-0.08432521233350337,818,16.34,0.5571334174227999
819,16.36,0.9857520835778018,819,16.36,-0.08714992805556084,819,16.36,0.5879216364312797
820,16.38,0.9790353590546991,820,16.38,-0.08926846484710325,820,16.38,0.6305880263535244
821,16.4,0.9665753483451756,821,16.4,-0.08573757019453346,821,16.4,0.6601409155869727
822,16.42,0.9671594113471846,822,16.42,-0.08714992805556084,822,16.42,0.7028073055092176
823,16.44,0.9598586238220735,823,16.44,-0.08856228591658823,823,16.44,0.7209571506654511
824,16.46,0.9603453429904139,824,16.46,-0.08573757019453346,824,16.46,0.7758818129707018
825,16.48,0.9663806606778398,825,16.48,-0.08926846484710325,825,16.48,0.8247248517681047
826,16.5,0.947593300779886,826,16.5,-0.08432521233350337,826,16.5,0.8617847450190524
827,16.52,0.9600533114894094,827,16.52,-0.08573757019453346,827,16.52,0.8792694126041151
828,16.54,0.949248145952245,828,16.54,-0.08856228591658823,828,16.54,0.9104377330818353
829,16.56,0.9411686077577884,829,16.56,-0.08714992805556084,829,16.56,0.9345741763786061
830,16.580000000000002,0.9355226654050357,830,16.580000000000002,-0.08150049661144591,830,16.580000000000002,0.9525339708002195
831,16.6,0.928611253214597,831,16.6,-0.08714992805556084,831,16.6,0.9646021924486046
832,16.62,0.9290006285492695,832,16.62,-0.09068082270813334,832,16.62,0.9712539681603135
833,16.64,0.9288059408819329,833,16.64,-0.08714992805556084,833,16.64,0.9953904114570844
834,16.66,0.9233546861965168,834,16.66,-0.08432521233350337,834,16.66,1.0133502058786978
835,16.68,0.9163459301724095,835,16.68,-0.09068082270813334,835,16.68,1.0384369028485703
836,16.7,0.8969745072724474,836,16.7,-0.08856228591658823,836,16.7,1.0436632980506269
837,16.72,0.8850985595649331,837,16.72,-0.08573757019453346,837,16.72,1.0563966972701828
838,16.740000000000002,0.878381835041831,838,16.740000000000002,-0.08573757019453346,838,16.740000000000002,1.0567767987394239
839,16.76,0.8852932472322697,839,16.76,-0.08432521233350337,839,16.76,1.0376766999100888
840,16.78,0.8781871473744944,840,16.78,-0.09209318056916072,840,16.78,1.0265587319348046
841,16.8,0.8717624543523962,841,16.8,-0.08856228591658823,841,16.8,1.0078387345747106
842,16.82,0.8719571420197327,842,16.82,-0.08714992805556084,842,16.82,0.9897839147857874
843,16.84,0.8713730790177238,843,16.84,-0.08856228591658823,843,16.84,0.9646021924486046
844,16.86,0.8713730790177238,844,16.86,-0.08926846484710325,844,16.86,0.9280174260342076
845,16.88,0.8661165119996435,845,16.88,-0.08714992805556084,845,16.88,0.9042610842066771
846,16.9,0.8531697821217796,846,16.9,-0.08856228591658823,846,16.9,0.8438249505974391
847,16.92,0.8535591574564521,847,16.92,-0.08432521233350337,847,16.92,0.7774022188476639
848,16.94,0.8533644697891162,848,16.94,-0.08926846484710325,848,16.94,0.7029973562438377
849,16.96,0.8410991467469286,849,16.96,-0.08926846484710325,849,16.96,0.6782907607432056
850,16.98,0.8471344644343545,850,16.98,-0.08856228591658823,850,16.98,0.6361945230248214
851,17.0,0.8403203960775838,851,17.0,-0.08432521233350337,851,17.0,0.5933380823679565
852,17.02,0.8343824222238266,852,17.02,-0.08714992805556084,852,17.02,0.563310066297958
853,17.04,0.8409044590795928,853,17.04,-0.09209318056916072,853,17.04,0.5573234681574201
854,17.06,0.8405150837449197,854,17.06,-0.08856228591658823,854,17.06,0.5269153506181805
855,17.080000000000002,0.8403203960775838,855,17.080000000000002,-0.09068082270813334,855,17.080000000000002,0.5023988058521693
856,17.1,0.8471344644343545,856,17.1,-0.08432521233350337,856,17.1,0.45973241592992453
857,17.12,0.8598865066448818,857,17.12,-0.08714992805556084,857,17.12,0.43502582042929244
858,17.14,0.8717624543523962,858,17.14,-0.08573757019453346,858,17.14,0.4172560767422993
859,17.16,0.8849038718975972,859,17.16,-0.08856228591658823,859,17.16,0.39796592717834467
860,17.18,0.9032045126272091,860,17.18,-0.08926846484710325,860,17.18,0.3992962823206866
861,17.2,0.9103106124849843,861,17.2,-0.08150049661144591,861,17.2,0.4170660260076791
862,17.22,0.9355226654050357,862,17.22,-0.08856228591658823,862,17.22,0.42352775098476725
863,17.240000000000002,0.9477879884472226,863,17.240000000000002,-0.08856228591658823,863,17.240000000000002,0.4417726215083112
864,17.26,0.9733894167019463,864,17.26,-0.08432521233350337,864,17.26,0.45327069095283573
865,17.28,0.9986014696219976,865,17.28,-0.09068082270813334,865,17.28,0.4542209446259373
866,17.3,1.0059022571471088,866,17.3,-0.09068082270813334,866,17.3,0.4474741435469186
867,17.32,1.023813522542049,867,17.32,-0.08714992805556084,867,17.32,0.43578602336777317
868,17.34,1.042795570107338,868,17.34,-0.08714992805556084,868,17.34,0.42333770025014705
869,17.36,1.0621669930072999,869,17.36,-0.08150049661144591,869,17.36,0.4168759752730589
870,17.38,1.0798835707349037,870,17.38,-0.08714992805556084,870,17.38,0.4224824719443559
871,17.400000000000002,1.0871843582600154,871,17.400000000000002,-0.08432521233350337,871,17.400000000000002,0.410604301030591
872,17.42,1.1122017235127302,872,17.42,-0.08856228591658823,872,17.42,0.4172560767422993
873,17.44,1.14325440645287,873,17.44,-0.08714992805556084,873,17.44,0.42856409545220436
874,17.46,1.1628205170201686,874,17.46,-0.08714992805556084,874,17.46,0.4417726215083112
875,17.48,1.1812185015834493,875,17.48,-0.08926846484710325,875,17.48,0.45935231446068353
876,17.5,1.2005899244834113,876,17.5,-0.08432521233350337,876,17.5,0.46609911553970224
877,17.52,1.2261913527381352,877,17.52,-0.09068082270813334,877,17.52,0.4780723118207776
878,17.54,1.2503326234878362,878,17.54,-0.08926846484710325,878,17.54,0.4959370808750812
879,17.56,1.2625006026963552,879,17.56,-0.08714992805556084,879,17.56,0.5018286536483088
880,17.580000000000002,1.2884914062857515,880,17.580000000000002,-0.08573757019453346,880,17.580000000000002,0.5204536256410924
881,17.6,1.3012434484962794,881,17.6,-0.08432521233350337,881,17.6,0.5326168726567879
882,17.62,1.3191547138912196,882,17.62,-0.08714992805556084,882,17.62,0.5565632652189393
883,17.64,1.3383314491238452,883,17.64,-0.08926846484710325,883,17.64,0.5820300636580521
884,17.66,1.369773507398658,884,17.66,-0.09209318056916072,884,17.66,0.5873514842274185
885,17.68,1.3889502426312836,885,17.68,-0.08926846484710325,885,17.68,0.600179908814285
886,17.7,1.395374935653382,886,17.7,-0.08714992805556084,886,17.7,0.5996097566104244
887,17.72,1.4085163531985823,887,17.72,-0.08432521233350337,887,17.72,0.6128182826665313
888,17.740000000000002,1.4264276185935219,888,17.740000000000002,-0.082912854472476,888,17.740000000000002,0.6239362506418161
889,17.76,1.445604353826148,889,17.76,-0.08573757019453346,889,17.76,0.6295427473131131
890,17.78,1.4587457713713483,890,17.78,-0.09068082270813334,890,17.78,0.64246619726729
891,17.8,1.483179073622054,891,17.8,-0.08714992805556084,891,17.8,0.648072693938587
892,17.82,1.52815192477674,892,17.82,-0.08714992805556084,892,17.82,0.6484527954078274
893,17.84,1.5527799146947823,893,17.84,-0.08432521233350337,893,17.84,0.6539642667118146
894,17.86,1.5660186760736505,894,17.86,-0.08150049661144591,894,17.86,0.6543443681810549
895,17.88,1.5593992953842164,895,17.88,-0.08926846484710325,895,17.88,0.672779289439219
896,17.900000000000002,1.5406119354862633,896,17.900000000000002,-0.08856228591658823,896,17.900000000000002,0.679050963681687
897,17.92,1.52815192477674,897,17.92,-0.08856228591658823,897,17.92,0.6781007100085854
898,17.94,1.5343819301315016,898,17.94,-0.09209318056916072,898,17.94,0.684657460352984
899,17.96,1.5471339723420294,899,17.96,-0.08573757019453346,899,17.96,0.6784808114778258
900,17.98,1.5595939830515528,900,17.98,-0.08432521233350337,900,17.98,0.6844674096183638
901,18.0,1.5595939830515528,901,18.0,-0.08432521233350337,901,18.0,0.6851325871895347
902,18.02,1.5535586653641278,902,18.02,-0.08856228591658823,902,18.02,0.6853226379241549
903,18.04,1.546257877839016,903,18.04,-0.08573757019453346,903,18.04,0.6786708622124467
904,18.06,1.5533639776967911,904,18.06,-0.08714992805556084,904,18.06,0.6662225390948205
905,18.080000000000002,1.5537533530314636,905,18.080000000000002,-0.08926846484710325,905,18.080000000000002,0.666792691298681
906,18.1,1.5527799146947823,906,18.1,-0.08714992805556084,906,18.1,0.6725892387045982
907,18.12,1.5593992953842164,907,18.12,-0.08573757019453346,907,18.12,0.6905490331262116
908,18.14,1.5654346130716421,908,18.14,-0.08714992805556084,908,18.14,0.715635730096084
909,18.16,1.5595939830515528,909,18.16,-0.08714992805556084,909,18.16,0.7269437488059884
910,18.18,1.5533639776967911,910,18.18,-0.08926846484710325,910,18.18,0.7402473002294057
911,18.2,1.5339925547968292,911,18.2,-0.08714992805556084,911,18.2,0.7402473002294057
912,18.22,1.5081964388747688,912,18.22,-0.08926846484710325,912,18.22,0.7519354204085511
913,18.240000000000002,1.4894090789768157,913,18.240000000000002,-0.08714992805556084,913,18.240000000000002,0.781678360376619
914,18.26,1.4835684489567265,914,18.26,-0.08573757019453346,914,18.26,0.7939366327596249
915,18.28,1.4833737612893907,915,18.28,-0.08432521233350337,915,18.28,0.8072401841830421
916,18.3,1.4647810890587734,916,18.3,-0.08714992805556084,916,18.3,0.8064799812445608
917,18.32,1.46497577672611,917,18.32,-0.08714992805556084,917,18.32,0.8070501334484219
918,18.34,1.4587457713713483,918,18.34,-0.08926846484710325,918,18.34,0.8124665793850988
919,18.36,1.4459937291608205,919,18.36,-0.08714992805556084,919,18.36,0.8252950039719652
920,18.38,1.4274984007638718,920,18.38,-0.08714992805556084,920,18.38,0.8434448491281987
921,18.400000000000002,1.4085163531985823,921,18.400000000000002,-0.08432521233350337,921,18.400000000000002,0.8432547983935786
922,18.42,1.4141622955513349,922,18.42,-0.08714992805556084,922,18.42,0.8434448491281987
923,18.44,1.4089057285332547,923,18.44,-0.08926846484710325,923,18.44,0.8555130707765846
924,18.46,1.4085163531985823,924,18.46,-0.08926846484710325,924,18.46,0.861214592815192
925,18.48,1.4077376025292367,925,18.48,-0.08714992805556084,925,18.48,0.8495264726360465
926,18.5,1.395374935653382,926,18.5,-0.08856228591658823,926,18.5,0.8185482028929465
927,18.52,1.3964457178237313,927,18.52,-0.08432521233350337,927,18.52,0.7941266834942451
928,18.54,1.3885608672966112,928,18.54,-0.08926846484710325,928,18.54,0.7575419170798481
929,18.56,1.338915512125854,929,18.56,-0.08926846484710325,929,18.56,0.7335955245176974
930,18.580000000000002,1.3010487608289436,930,18.580000000000002,-0.08926846484710325,930,18.580000000000002,0.6965356312667496
931,18.6,1.2249258829004492,931,18.6,-0.08714992805556084,931,18.6,0.6729693401738392
932,18.62,1.1684664593729213,932,18.62,-0.08432521233350337,932,18.62,0.6239362506418161
933,18.64,1.1434490941202067,933,18.64,-0.08714992805556084,933,18.64,0.5693916898058058
934,18.66,1.1049009359876183,934,18.66,-0.09068082270813334,934,18.66,0.5267252998835603
935,18.68,1.0864056075906698,935,18.68,-0.08926846484710325,935,18.68,0.5089555561965678
936,18.7,1.073458877712806,936,18.7,-0.08714992805556084,936,18.7,0.4714205361090693
937,18.72,1.0866002952580063,937,18.72,-0.08150049661144591,937,18.72,0.4530806402182156
938,18.740000000000002,1.1682717717055848,938,18.740000000000002,-0.08714992805556084,938,18.740000000000002,0.4530806402182156
939,18.76,1.300756729327939,939,18.76,-0.09209318056916072,939,18.76,0.48424896069593576
940,18.78,1.4457990414934838,940,18.78,-0.08856228591658823,940,18.78,0.5016386029136879
941,18.8,1.508780501876778,941,18.8,-0.08432521233350337,941,18.8,0.5326168726567879
942,18.82,1.6158587189117442,942,18.82,-0.08573757019453346,942,18.82,0.5748081357424826
943,18.84,1.6852648723171357,943,18.84,-0.08714992805556084,943,18.84,0.6120580797280505
944,18.86,1.7422110150130046,944,18.86,-0.08714992805556084,944,18.86,0.6301128995169737
945,18.88,1.7676177556003918,945,18.88,-0.09068082270813334,945,18.88,0.666792691298681
946,18.900000000000002,1.786307771664677,946,18.900000000000002,-0.08714992805556084,946,18.900000000000002,0.6831370544760219
947,18.92,1.7802724539772516,947,18.92,-0.082912854472476,947,18.92,0.7092690304863056
948,18.94,1.748635708035102,948,18.94,-0.08714992805556084,948,18.94,0.7152556286268437
949,18.96,1.7296536604698132,949,18.96,-0.08714992805556084,949,18.96,0.7273238502752287
950,18.98,1.692370972174911,950,18.98,-0.09068082270813334,950,18.98,0.7337855752523176
951,19.0,1.6477874963548975,951,19.0,-0.08856228591658823,951,19.0,0.7148755271576033
952,19.02,1.6167348134147577,952,19.02,-0.08856228591658823,952,19.02,0.6905490331262116
953,19.04,1.5975580781821321,953,19.04,-0.082912854472476,953,19.04,0.672779289439219
954,19.06,1.5527799146947823,954,19.06,-0.08573757019453346,954,19.06,0.6116779782588102
955,19.080000000000002,1.5033292471913617,955,19.080000000000002,-0.08926846484710325,955,19.080000000000002,0.5573234681574201
956,19.1,1.4397637238060588,956,19.1,-0.08856228591658823,956,19.1,0.5085754547273275
957,19.12,1.4264276185935219,957,19.12,-0.09068082270813334,957,19.12,0.4840589099613156
958,19.14,1.402091660176484,958,19.14,-0.09068082270813334,958,19.14,0.4546960714624874
959,19.16,1.3887555549639476,959,19.16,-0.08926846484710325,959,19.16,0.4287541461868245
960,19.18,1.3958616548217222,960,19.18,-0.082912854472476,960,19.18,0.4166859245384388
961,19.2,1.4010208780061346,961,19.2,-0.08714992805556084,961,19.2,0.3989161808514456
962,19.22,1.4203923009060966,962,19.22,-0.08714992805556084,962,19.22,0.3931196334455284
963,19.240000000000002,1.4399584114733952,963,19.240000000000002,-0.08856228591658823,963,19.240000000000002,0.38570765479533875
964,19.26,1.4585510837040117,964,19.26,-0.08926846484710325,964,19.26,0.37401953461619397
965,19.28,1.4708164067461993,965,19.28,-0.08856228591658823,965,19.28,0.36736775890448503
966,19.3,1.4962231473335865,966,19.3,-0.08926846484710325,966,19.3,0.3623314144370486
967,19.32,1.5398331848169184,967,19.32,-0.08432521233350337,967,19.32,0.35605974019458064
968,19.34,1.571080555424395,968,19.34,-0.08573757019453346,968,19.34,0.35586968945996045
969,19.36,1.5652399254043057,969,19.36,-0.08856228591658823,969,19.36,0.3629015666409091
970,19.38,1.546939284674693,970,19.38,-0.08926846484710325,970,19.38,0.362711515906289
971,19.400000000000002,1.5339925547968292,971,19.400000000000002,-0.08926846484710325,971,19.400000000000002,0.3683180125775866
972,19.42,1.5341872424641658,972,19.42,-0.09068082270813334,972,19.42,0.3808613610625225
973,19.44,1.5345766177988382,973,19.44,-0.08714992805556084,973,19.44,0.3931196334455284
974,19.46,1.5343819301315016,974,19.46,-0.08432521233350337,974,19.46,0.40556795656315453
975,19.48,1.5404172478189266,975,19.48,-0.08714992805556084,975,19.48,0.4048077536246732
976,19.5,1.534771305466174,976,19.5,-0.08573757019453346,976,19.5,0.41098440249983137
977,19.52,1.5345766177988382,977,19.52,-0.08926846484710325,977,19.52,0.4168759752730589
978,19.54,1.5402225601515909,978,19.54,-0.09209318056916072,978,19.54,0.4168759752730589
979,19.56,1.5406119354862633,979,19.56,-0.09209318056916072,979,19.56,0.42191231974049537
980,19.580000000000002,1.5402225601515909,980,19.580000000000002,-0.08926846484710325,980,19.580000000000002,0.4168759752730589
981,19.6,1.5275678617747308,981,19.6,-0.08926846484710325,981,19.6,0.41098440249983137
982,19.62,1.5221166070893148,982,19.62,-0.08714992805556084,982,19.62,0.41022419956135064
983,19.64,1.5091698772114504,983,19.64,-0.08573757019453346,983,19.64,0.4111744532344515
984,19.66,1.5027451841893527,984,19.66,-0.08714992805556084,984,19.66,0.4042376014208126
985,19.68,1.4903825173134972,985,19.68,-0.09209318056916072,985,19.68,0.4053779058285344
986,19.7,1.4837631366240631,986,19.7,-0.08926846484710325,986,19.7,0.39815597791296486
987,19.72,1.471011094413535,987,19.72,-0.08926846484710325,987,19.72,0.3992962823206866
988,19.740000000000002,1.4779225066039738,988,19.740000000000002,-0.08714992805556084,988,19.740000000000002,0.404617702890053
989,19.76,1.4718871889165486,989,19.76,-0.08573757019453346,989,19.76,0.404617702890053
990,19.78,1.471011094413535,990,19.78,-0.08714992805556084,990,19.78,0.4053779058285344
991,19.8,1.4645864013914376,991,19.8,-0.08573757019453346,991,19.8,0.4044276521554328
992,19.82,1.4647810890587734,992,19.82,-0.08926846484710325,992,19.82,0.41164958007100233
993,19.84,1.4651704643934458,993,19.84,-0.09068082270813334,993,19.84,0.4293242983906851
994,19.86,1.4519317030145775,994,19.86,-0.08856228591658823,994,19.86,0.4343606428581215
995,19.88,1.4512502961789007,995,19.88,-0.09209318056916072,995,19.88,0.4413925200390708
996,19.900000000000002,1.4391796608040497,996,19.900000000000002,-0.08573757019453346,996,19.900000000000002,0.4343606428581215
997,19.92,1.4337284061186335,997,19.92,-0.08573757019453346,997,19.92,0.4412024693044507
998,19.94,1.4262329309261859,998,19.94,-0.08926846484710325,998,19.94,0.45935231446068353
999,19.96,1.4262329309261859,999,19.96,-0.08714992805556084,999,19.96,0.46590906480508204
1000,19.98,1.4271090254291987,1000,19.98,-0.08856228591658823,1000,19.98,0.4714205361090693
